,Jan,Feb,Mar,Apr,Oct,Nov,Dec
0,5.10164606,5.059490385,3.867125023,3.527320893,4.452652389,5.332122935,5.133503741
1,4.798647086,4.673387845,3.869927273,4.020303101,3.357465174,7.135734337,3.605596678
2,4.844956482,7.44590707,4.519726515,3.847915858,5.460143976,4.033339991,4.999007716
3,5.105911825,6.736276788,3.254861699,3.06328199,5.92553053,5.753263002,3.530387758
4,6.494171453,6.597777009,3.397185829,3.169769493,4.60850811,7.802778251,5.931504101
5,4.242007923,6.001636059,4.403185472,3.562075305,6.07360193,5.725791269,4.793138307
6,6.080134031,3.852034289,4.019506315,4.002113535,4.844023373,6.121136721,4.504377889
7,3.620619453,4.935460776,3.291749759,3.6848263,4.117003864,4.708073945,4.265606037
8,5.999325626,4.038920798,4.761083302,3.828242214,3.942842839,3.619364446,8.016162203
9,3.064697361,5.451017039,3.703951806,3.684345022,7.404204823,4.862064764,5.15371344
10,5.651504136,5.205237303,4.009566206,3.390960457,4.248500751,4.470943516,7.258166493
11,4.093517174,3.998147407,3.497258349,3.797811487,2.920330649,4.033695161,7.178340471
12,3.991676996,7.356416007,4.152614222,2.716256118,3.596498598,3.90015052,3.523128426
13,5.670594073,4.279479432,3.864413452,3.783772019,3.347593889,3.737698757,3.960523021
14,5.025388506,5.795390738,3.641325108,4.075571299,6.547870784,3.73101169,5.948053372
15,5.905424725,5.425477044,4.941355455,3.271034342,4.53154785,4.030184412,3.626051159
16,4.246392353,6.50098441,3.261651673,3.360581989,4.349913073,4.208866763,4.506104047
17,4.470480441,3.555781283,4.060903856,3.218745611,4.741966946,5.528092248,6.620478386
18,5.330242649,5.793022889,3.697043672,2.975417495,3.146119416,4.265128111,3.685509271
19,3.735587757,4.510952719,3.329660962,3.283031554,3.377609831,4.026139278,4.657284225
20,5.186841204,4.582747087,3.555524102,3.502822255,4.431752747,5.87791981,6.029040269
21,3.443684214,4.479322805,3.874378497,2.825968552,2.878999626,3.895813359,4.478274051
22,4.195507148,6.351267915,3.397314341,3.612472552,3.013540899,6.398567514,4.97553161
23,5.032834812,6.066227741,3.550292712,3.86568183,3.281463489,6.227936706,7.393986769
24,6.441957434,3.491853439,3.348993826,3.157516682,4.995264129,3.863177982,5.331555019
25,5.98621429,4.868580024,3.895839371,3.522443819,4.293169242,7.266515322,6.331136973
26,4.509016605,6.282194964,3.291221697,3.052578397,3.107082202,4.511045681,6.825030567
27,4.820008752,4.622485413,3.618589487,3.184158443,4.919949995,4.534436881,4.668389453
28,5.531169247,7.717821743,3.289144308,3.356196344,5.335778242,5.528575996,5.737978955
29,5.961430599,4.450389394,4.028984559,3.356317663,3.541329643,5.001567126,6.6208595
30,5.315341208,4.258866736,3.396044045,3.638385955,6.375756144,5.386773627,3.670885031
31,4.445007498,3.543172548,3.951058633,2.974042032,4.879941455,5.308364604,3.681295777
32,5.942851488,4.493380503,3.460696757,3.838592086,5.824761845,6.269892612,4.877904283
33,4.329185018,3.852364484,4.055173887,3.736769257,5.779513743,5.578511778,6.211954838
34,3.366008736,4.1397725,3.938032684,3.061672452,2.721804691,7.469875583,3.575553741
35,4.897551672,7.018812897,3.326084364,3.703108325,5.633688379,3.881307132,7.068598086
36,5.529787714,3.728210336,3.481053825,2.947182657,4.506984153,3.695856348,3.407999096
37,6.34072497,3.981056398,3.959874202,3.5509579,3.067697255,5.244389912,5.741347644
38,4.717446663,4.287959795,3.394580393,3.975910691,5.321415318,4.874560352,3.614822727
39,5.097502012,3.579771326,3.736439298,3.286358474,6.202289854,3.678665732,3.59577339
40,4.775475422,4.963414742,4.064610942,3.796050662,6.758503742,4.447932626,3.76450969
41,4.336883345,4.184863987,4.095979332,3.336286838,6.912063389,5.072097995,3.79645476
42,4.690974477,3.574433707,3.347424509,3.570441721,2.949107117,3.539786167,5.637897013
43,3.821320275,3.982159477,3.898138118,3.055138385,3.149022927,3.839262927,4.381801199
44,5.855498632,5.439416663,4.252997125,3.336794227,3.785152626,6.373864129,6.228779014
45,6.712207484,3.849100602,4.037200033,3.539754355,3.569470977,5.953492623,5.411092162
46,5.689190483,6.685184026,4.191257706,2.88869988,4.787183854,7.853254722,4.633329007
47,3.813935726,5.750757262,4.595326954,3.49361137,6.578241342,4.687879637,5.233199666
48,3.16160008,4.0152185,3.335616036,3.712454424,3.573621994,5.349538266,4.730331118
49,4.488880036,5.810652152,3.631956164,3.648552255,6.360929485,5.8324459,3.60215813
50,4.981972052,5.039946294,4.567047056,3.973529323,3.33622287,4.969923403,4.70126088
51,5.392302637,5.241679674,3.390540132,3.939207152,4.137859791,4.437284488,5.902501085
52,5.815197666,3.835541128,3.570034286,2.983837864,2.935248916,4.214898767,4.677178862
53,5.897579048,3.452268136,4.269222952,3.18317951,4.349939874,5.483175324,5.650441153
54,4.806434471,4.067523706,3.578497933,2.791422441,5.070395918,3.77308642,5.317122654
55,3.712739572,3.752281774,4.350042023,3.339813951,4.044373316,5.131121291,3.624079475
56,6.652821461,4.480914634,3.938207719,3.46472964,3.077456187,4.932203798,4.472770424
57,3.682178052,3.845339911,4.031382179,3.407624783,3.448111301,3.785921501,4.50610719
58,4.666245571,4.481258033,3.747519872,3.302226013,3.51182227,4.384066147,7.17005912
59,6.227018898,7.164001081,3.803836287,2.911894153,4.749494711,6.136101908,5.58682227
60,4.488615253,5.566908323,3.886899306,3.262029304,4.092566563,5.138492063,4.312208571
61,5.819796661,3.859529085,4.343546565,3.258541347,3.15317585,3.894901031,7.548348073
62,3.325692428,3.726476362,3.858528536,3.650756606,5.73192659,4.253902499,4.434703547
63,5.112652742,3.724178152,3.700190591,2.638056906,4.726393887,5.514260097,7.783031347
64,4.702810912,6.551904871,4.20643863,2.825168702,5.167245855,6.424969663,5.244267436
65,4.230638181,3.818981781,4.50391324,2.95424844,6.550329116,7.171234708,4.632155121
66,3.99218327,6.050945511,3.956276004,3.732101224,4.25282374,4.493559445,4.811032263
67,5.095264262,6.215517706,3.356192672,3.054407733,5.402004557,3.74585542,5.745778674
68,4.363541961,3.849528473,4.640628986,3.203325874,3.536345383,5.123247971,5.723781126
69,4.475125854,5.892312993,3.804016023,4.011651735,3.820367878,3.669893822,5.57341417
70,6.244981171,5.885336688,3.342175715,3.026507525,4.026399708,4.517455378,5.364264696
71,4.113290679,6.806248827,3.464699936,3.811480446,3.384807294,6.974308957,7.17195606
72,3.781507395,3.693837605,3.27903257,3.531321128,4.260151498,7.224433846,6.386092839
73,5.311883522,4.880613181,3.257834974,3.208094931,6.690196237,4.066047314,4.16692609
74,4.173492598,5.157333771,3.835380545,3.275633646,3.803557171,6.750924575,3.440729282
75,5.144850745,6.857861614,3.545687281,3.435144629,3.30225691,6.395844319,6.041566023
76,4.517312275,7.227500323,3.701564956,3.400349039,3.307416248,4.310655467,4.620604829
77,6.202030706,4.913811569,4.254192516,3.740547037,2.875752128,5.012253708,3.70286979
78,3.439747485,4.296149027,3.274578796,3.160443618,6.281031564,3.893594673,3.645867931
79,4.995679477,3.701322828,4.930765412,3.792643477,4.216840059,4.519029273,6.951415019
80,5.043045953,6.34260481,3.547198062,3.671074952,4.953236138,6.539423272,6.502892971
81,4.640521593,4.317895422,3.453174167,2.867314141,5.105720585,5.355476398,4.277675262
82,4.4124259,4.425650364,3.773040086,3.196429211,6.202863565,4.975122424,5.168033202
83,4.356236174,4.249751161,3.822927235,3.91691095,2.778249658,4.192250567,3.719187171
84,3.424029387,5.242129407,3.250142669,3.424441496,3.642739028,6.574604003,4.024827724
85,5.259657975,3.590924104,3.752554879,3.24700639,5.388941148,5.375360992,5.023514588
86,4.174926279,3.83944932,3.326962842,3.286675311,3.155730783,6.576566849,4.839986272
87,5.344451698,4.752178352,4.294518423,3.236168104,6.604415288,4.333137402,5.992636886
88,5.323474351,4.427032212,4.244058689,3.847228495,3.207328974,4.417111366,6.154400047
89,4.993484746,4.97286594,3.420488342,3.470027334,4.840176304,4.087634398,5.806145476
90,3.987168233,5.11029819,4.091955485,3.48029444,5.51016616,6.063323097,3.543604277
91,4.16923726,6.619383401,3.315217353,3.409082527,3.958251642,3.856491913,4.76595643
92,6.050323698,3.630636249,4.779347226,3.398723452,6.119524855,3.770385196,5.160803792
93,5.227631186,5.037402674,3.920394763,3.178957052,6.043016673,3.941297215,4.340064322
94,5.505127617,4.928603548,3.634018192,3.387283918,2.492540661,4.475412594,5.585442456
95,4.264873215,5.871905343,3.501517895,3.14334125,2.366663271,4.973345765,5.173932337
96,4.217083944,5.931318674,3.87342642,3.741758294,5.652907222,5.680540717,6.502611558
97,5.862868868,7.45491818,3.340573833,3.311424149,5.948664115,6.825350664,7.827916869
98,5.540073598,5.616925626,4.048157097,3.345217925,4.680215373,4.232393611,4.335567405
99,5.38371271,5.288553841,4.714556985,3.27973285,3.55679494,4.236520339,6.729761444
100,5.089980226,7.2157842,3.73607021,3.630397589,5.068300005,3.68400075,3.831001309
101,5.030841045,4.041449369,4.192784601,3.63048028,5.937621161,4.279424708,3.993713654
102,5.208103692,7.04692214,3.543345241,3.476381797,4.495638119,4.002994769,5.010844499
103,4.835560388,4.645387821,4.267380595,3.967838285,4.248354558,3.727136779,3.597036642
104,3.966074279,3.738959627,3.46287932,3.35896884,4.060360354,3.896057916,3.432989067
105,3.662504933,3.710691963,3.96675444,3.288765834,5.34813041,3.753997841,5.682904699
106,3.035026463,4.06555112,3.921780374,3.775787472,5.677282737,4.950837579,3.383366317
107,4.025887017,3.579928038,4.500030514,3.778294588,3.791691543,5.282948852,6.151996682
108,4.280810349,3.54808376,3.30304527,3.892827674,5.179585448,4.791427371,8.254128978
109,5.239228916,4.35724514,3.732029562,3.188916907,2.890546172,4.786389774,3.554787155
110,3.826029371,4.435284663,3.794396511,3.092499148,3.809016754,5.95841155,5.510334785
111,5.240846804,4.977926507,3.859358869,3.803351806,5.184249323,5.983535223,3.819853542
112,4.692320562,4.823781554,3.722422109,3.551967941,5.80306412,6.690182449,4.718732667
113,5.917058337,6.751951299,3.999452146,3.866485766,5.113970419,5.228686556,5.828942478
114,3.981360153,4.634102345,3.307662291,3.204710648,4.095968953,6.172605941,5.611750342
115,4.151668413,5.372324137,3.637002307,3.852077006,4.854645137,5.59527158,3.46963139
116,4.692610753,4.335946909,3.524089226,3.665528957,5.419962673,6.455595933,4.965225285
117,4.8818475,3.535446685,3.255711111,2.970561057,3.556221417,4.035082317,3.994353067
118,6.32969196,3.654431274,4.158029082,3.608141342,5.731221129,3.60693709,8.387564848
119,5.901872497,3.622779309,4.143126294,3.645891036,4.344187506,5.210453517,6.367128792
120,5.397860013,4.237473909,3.797063481,3.763385824,2.591876502,5.570012764,4.402555066
121,3.803677899,5.595935862,3.347660239,3.504183771,3.803116757,6.399558125,7.368563316
122,4.003109359,4.229288636,3.347094401,3.449091078,3.715809797,7.313558454,5.012668862
123,5.444885074,4.817749684,4.018905756,3.436601801,6.819558184,4.607435942,6.011251678
124,3.778217325,5.627770841,3.476992057,2.947368418,5.659540373,4.389872105,3.874986166
125,5.009284857,4.015472494,3.448433551,3.652268066,3.478686747,7.782037674,5.07983528
126,3.773838604,3.433354278,3.933027791,3.77003369,2.727244865,8.427565633,5.504777614
127,5.047272957,4.928896906,3.919680528,3.300299386,6.006976312,5.887653864,4.688767901
128,5.972561292,3.573792688,4.262550226,2.976553439,4.233394077,5.59284648,4.776623693
129,5.148296848,3.671604191,3.929546946,3.770404596,5.686068529,7.00976825,5.637592676
130,3.93972154,3.702199748,4.53257163,3.425966448,6.145894265,6.141084468,3.752780744
131,5.329712716,4.533927133,3.444458018,3.58828989,3.29323226,6.266609438,3.937129882
132,5.680273989,6.027979201,3.563707233,3.24971311,5.075286139,7.696310591,4.691217198
133,4.804775597,3.658992401,3.641945772,3.392198786,4.49252071,5.806510225,6.724262211
134,5.776294478,3.838331541,3.293822808,2.658901816,2.745225042,4.220454843,6.13472394
135,5.356767701,5.637167063,4.104812053,3.673420369,4.322827542,3.727028203,4.865175811
136,3.987827023,4.106942572,3.791547705,3.396654088,4.148225817,4.349521958,4.263103486
137,6.336839049,4.205704957,4.394810769,3.432772926,4.580784436,4.16654581,4.805236145
138,5.587719033,7.403343112,3.272429277,2.864659729,4.714265363,5.348481625,3.597389268
139,4.973708656,3.963703,3.263074121,3.79211311,5.24255342,5.591710197,7.24936384
140,5.583648672,3.797030796,3.572353509,3.791926521,3.157759635,4.607072803,4.657117299
141,6.193468354,4.460548505,3.597166881,3.272765002,4.754320316,3.737441677,4.610641345
142,6.120959576,6.418517988,4.4613179,3.279174932,5.955511568,4.24218849,4.553419994
143,5.555216122,3.827908029,3.627712002,3.49329243,3.89696822,5.190020711,4.28227027
144,3.713970392,5.075681118,4.551820697,3.600983261,4.689153952,5.711312548,5.399699069
145,4.436007694,4.179682516,4.650268552,3.71910947,4.251617393,5.055383976,5.457611398
146,4.989908208,4.116988514,3.409020334,3.331637078,3.60468227,6.070267081,3.774578852
147,4.670435286,5.524632013,4.818068474,3.168834477,4.994439546,5.700400736,3.509628624
148,5.158891643,4.26993941,4.380490633,3.016429195,4.580767863,6.887330898,6.092167049
149,6.031284683,5.609028818,3.569954887,3.057521354,6.845743055,7.616736824,5.143232013
150,6.151073321,4.722759729,4.252011791,2.779772297,6.888270036,4.907089243,7.155660084
151,5.646978016,5.39356595,4.540783532,3.26016767,6.153575744,5.56841693,4.414418697
152,6.366740918,4.611470508,3.497527008,3.667306449,3.045810059,5.988081775,4.316415424
153,3.96515898,4.227574518,3.643462665,3.044811161,4.181822959,6.234546394,4.713091105
154,5.0115179,6.069531859,3.751386602,3.726605562,4.824261169,4.893405516,4.093260249
155,5.334938552,6.255790851,4.445945068,3.764646603,3.83618043,5.930661946,4.468219457
156,4.525270181,4.02082635,3.346621721,2.972392929,5.256893024,6.112419084,3.73006884
157,5.731318602,6.926194568,3.92117785,2.907397154,2.760995542,6.512544686,4.824969295
158,3.729114151,6.325841758,3.572922992,3.793825911,4.41783543,4.352051168,4.903511016
159,5.704598492,5.199921185,3.458395738,3.429757962,5.959445649,3.545225619,7.952906443
160,5.8504441,5.727735313,4.303963025,3.47336442,2.868222658,6.683757769,5.890297584
161,6.318059396,4.598239009,4.025013523,3.533525529,2.544107123,3.808404459,3.498021319
162,4.546154877,3.610150669,3.875575017,3.382331365,2.675087902,8.421839922,3.492612028
163,5.425653131,4.954996737,4.858887254,3.406069531,5.667534343,6.219244316,4.062169006
164,4.644697538,4.092583692,3.737951374,3.281323922,2.656559007,4.240656236,3.758634284
165,5.825756183,4.872622624,3.541073782,3.653595938,5.28075746,8.12070394,5.214311239
166,4.479483449,6.937226788,3.454684512,3.292249698,4.117628993,4.159124179,5.819878727
167,6.104399887,4.080127034,3.453056724,3.688403276,2.550046393,3.962186693,6.03071022
168,5.20836609,4.687692463,4.316692484,3.791873774,3.731833468,5.596170144,5.303994036
169,5.377057401,3.756105682,3.259463734,4.145611468,3.434635269,4.259712088,4.833328616
170,3.471446731,4.202615059,3.882769868,3.45061256,7.538252935,6.27869594,4.664719884
171,5.348046025,3.622013588,3.341225459,3.694070815,3.421313085,4.632953428,7.010421351
172,3.972197705,4.296931702,4.317402702,3.645108955,3.828863692,4.886552094,5.534341292
173,3.713518599,5.226128037,3.969506644,2.804465174,3.074647798,6.533939757,7.268394753
174,4.902218683,4.178098345,3.505661656,3.747545534,4.177528409,3.925190339,5.812439929
175,5.746192083,4.660884457,4.19303817,3.067311723,4.399727685,7.337961064,5.356530446
176,4.6459112,6.594395242,3.536045992,3.242876936,2.880632799,4.733219407,4.950305789
177,5.000546723,5.806935765,4.084585574,2.704044125,2.721206719,5.514520133,4.969639297
178,5.04895255,4.84253369,3.416831198,3.630370472,4.930117501,7.279951421,3.850287939
179,6.377668886,5.724359922,3.669100417,3.323293003,4.605082651,5.690718059,3.838336631
180,5.131448492,4.879475103,4.131695493,3.579001367,4.030099087,4.94100392,4.554755448
181,5.047690892,3.485918101,5.041074966,3.867557872,2.921997855,6.214069659,6.204885133
182,6.011931986,4.63867649,3.333196813,2.689108683,3.062461183,3.940013345,6.18423709
183,5.816018695,3.723329976,3.291405065,3.909668953,6.372460017,5.082993612,4.148929567
184,3.574081102,4.60645871,3.302093173,3.392161813,5.012489041,5.381423372,4.429110049
185,3.891852204,4.452495489,4.133392931,3.556091045,5.312860951,3.846368668,4.885587003
186,5.088452553,4.057087447,3.363881952,3.238574275,5.047698475,6.353087371,6.609039091
187,4.806085328,3.803213618,4.738840735,3.921655282,5.212843212,5.865035725,4.182696433
188,5.021013752,4.571644191,3.55714115,2.724414014,4.034395119,6.170816106,3.803980267
189,4.81263718,5.228820162,3.55995914,4.120175413,4.188043045,3.69270323,3.957011128
190,5.575812085,3.988534271,3.737308525,3.010427333,5.75998013,4.362347824,4.046884607
191,5.086095315,5.914965747,3.759825125,3.447594435,3.714206739,3.482523693,4.144320278
192,5.610477098,6.075491134,3.99319318,3.583642629,5.796399418,6.248510946,5.316401085
193,4.761200177,5.838736116,3.69163007,3.228329054,5.591214156,5.43727597,3.782117373
194,6.499429031,4.359587175,4.407420257,3.710290153,5.745362544,3.714087552,7.332449425
195,6.056427994,6.769280871,3.540865046,3.688114414,5.461954617,7.093066758,3.460550798
196,5.427042864,4.450175019,3.469209487,3.42113025,3.982867885,5.501237423,4.672366161
197,5.977511684,4.919458906,3.88816716,3.098052946,3.52181146,6.093963913,4.739400034
198,5.235452665,4.279892375,3.470702663,3.981995056,7.22495993,4.118378826,4.927270858
199,5.340888084,5.85370224,4.117030842,3.290036384,3.792164307,6.765754036,5.947246734
200,6.359905086,5.527606268,3.275926741,2.920190716,4.885524004,5.383728075,3.737600565
201,3.815902821,3.586454588,3.307140356,3.163124108,4.910505571,6.552880283,4.982517311
202,4.249475977,5.528013102,3.486226769,3.99924452,3.897666871,4.300187838,4.024783538
203,5.902077555,6.937561997,4.175476986,3.487072806,4.772268443,6.005580306,5.25526711
204,6.261381653,4.865302935,3.386206005,3.221610128,5.393701429,6.101393106,5.78148272
205,6.443689105,6.696182849,4.728570751,2.812639101,4.666276213,4.396885532,4.041409062
206,4.823920668,7.187784796,3.287963174,3.416352223,4.106440446,4.338666789,4.395484559
207,5.000847339,3.528998326,3.544946447,3.531079446,2.415115978,6.830561022,7.430699893
208,3.8016487,4.488782774,3.347512997,3.965256229,5.804950557,4.456612505,3.45480643
209,5.885390487,4.316491847,3.458554872,3.841063012,5.370493119,5.738759451,3.465261788
210,3.747715128,4.302108012,3.296493307,3.321291736,6.446784946,4.758044972,8.05300439
211,5.68168332,4.105643826,3.449785815,3.631615907,3.779000202,7.941264155,4.330609544
212,4.278468767,6.242911698,3.729164378,3.435298937,4.513405751,5.980281875,5.177558644
213,4.229893127,6.586202398,3.690093461,3.173470095,2.559615473,4.299546678,6.177142465
214,3.440203371,6.255246485,3.849332343,3.353839017,3.317464204,6.364460823,6.269294665
215,3.990697225,3.856727379,4.316032228,3.354513842,5.109201871,4.407553666,5.487473399
216,3.341395982,6.818739192,3.671484914,3.606890654,4.063815847,7.474418871,3.577669579
217,3.766387964,4.415070488,3.582351232,3.092370735,3.796587858,6.795751143,3.885980173
218,4.583064447,4.077168059,3.669662158,3.232909526,3.159880079,4.111636651,6.247500194
219,3.110308081,3.882441723,3.648176889,3.674732527,4.059084678,5.743352149,6.803966226
220,4.653134302,3.899123731,4.093735303,2.92649662,3.209176789,6.881987769,6.620124311
221,5.096815594,4.541814233,3.807693646,3.557292784,4.433436677,6.652888451,4.077034958
222,5.052102178,6.378525792,4.102825812,3.829127593,2.894617242,5.547640567,6.23657118
223,5.789387534,5.976769285,3.931648608,3.757654661,3.92292575,5.572259759,7.09207771
224,4.951929402,5.161634502,4.358512283,3.437440778,5.198958305,5.51354435,5.030609933
225,4.463125918,6.048413804,3.819874702,3.417184447,6.148835133,4.185554671,5.771488557
226,6.089279405,6.689139318,3.829698593,3.138131639,3.84721994,3.810059372,3.662254494
227,3.878174596,5.527490638,3.369494184,3.247861584,3.388454847,5.936695319,7.524593666
228,4.815336058,4.109849703,4.171237352,3.659202522,3.488536643,4.94227838,6.440899269
229,3.73298855,6.185255815,3.350052021,3.742078162,7.201244346,4.799960514,5.834225951
230,5.284328872,6.618249489,3.962340211,3.641659937,5.013901232,6.033005912,4.358601567
231,5.682066025,4.762113483,4.440038777,3.413185358,4.532340026,5.127554292,4.756045208
232,4.563224925,5.700449508,4.273631743,3.560792084,2.411917734,5.950053933,5.572664189
233,3.972475158,4.62257819,3.324904408,3.463594384,3.684821853,5.026165235,4.587276636
234,3.300989059,3.722115478,3.397816256,3.682697708,6.203319782,5.995012076,4.9721337
235,6.261551718,3.50160924,3.976918386,3.418440689,5.140883182,6.0010819,5.069628156
236,3.629561202,5.418129767,3.259416517,3.84510025,4.048840496,3.816062362,5.435634152
237,6.696331711,4.303571235,3.879233178,3.222690387,2.991818533,5.344840781,5.527640181
238,3.554867519,5.603832666,3.823101325,3.270181411,3.99036511,5.974872912,6.732518258
239,4.514455126,7.021912367,4.021831893,3.090852819,5.467543323,4.762688896,4.466514273
240,4.467075437,6.181896679,3.953200802,3.790659745,4.503956374,5.617958733,3.650150098
241,5.247192633,6.548218025,3.469494608,3.499952489,3.468965109,3.559338916,5.747836024
242,5.414796279,4.968619551,4.253355559,2.964920486,3.620068107,4.604839306,3.500271888
243,4.192623559,5.081201697,3.277443242,4.119093464,4.081039583,5.637165172,3.641777336
244,4.458732332,4.769615658,4.584068692,4.005749351,3.26871947,5.933396272,6.533937505
245,6.142983714,5.272293632,4.064310831,3.403160259,4.672588307,8.228064062,4.447366295
246,4.94782333,4.727593169,3.604911215,3.172747814,3.522872798,5.191156924,5.561912692
247,4.66907858,3.645478087,3.928634482,3.380392751,6.830413792,4.569820922,3.993583749
248,5.43337056,3.694055415,3.526189998,2.867618272,5.448372706,6.204709714,3.572785246
249,5.032034009,3.99977071,3.705141195,3.132677629,3.700486598,4.877748691,3.810194461
250,4.217401959,5.635207091,4.75357873,3.617527374,2.665468909,8.198284596,7.281466926
251,5.299857872,3.682860011,3.545548274,2.803032128,3.439787636,5.961416927,3.96646212
252,2.974549584,6.214603598,4.987150391,3.584313793,3.881924601,3.788843902,3.877132501
253,4.371934327,6.431025568,3.745773214,2.757891434,2.873401804,4.093266391,4.427161503
254,5.02120126,4.331048725,4.068133019,3.802457701,5.185926763,7.585962256,3.432498622
255,4.91135931,5.099688061,3.768555466,3.71411793,3.357331327,4.334983573,6.666397754
256,3.422116165,3.729646992,3.961462736,3.612589404,5.59682718,7.233143769,6.460974387
257,6.257456681,4.811016018,3.648425879,3.677003973,2.848975279,4.429426616,5.187562603
258,3.667379289,6.216428422,4.474148151,3.411170304,3.533478675,7.496573527,4.796525291
259,5.42885539,3.483368839,3.395642087,3.714940708,4.208171372,6.42628894,4.72627117
260,3.730871563,4.692642415,4.159831924,3.792285081,3.657751707,5.810297313,4.14267113
261,5.742519502,4.13075077,3.69434985,2.993431568,3.816800392,4.371545614,6.086548681
262,4.736320009,5.323382091,4.205250678,3.542021566,6.929152065,5.374577987,5.348088254
263,5.154271609,3.651855558,3.581184855,3.62764141,3.25591752,4.26853211,5.769390062
264,5.666874177,4.208819915,4.722560063,3.363836256,5.993472597,3.8098284,3.40294637
265,5.043061658,6.204691198,4.415529028,3.541200926,5.676374514,3.595653972,3.71336933
266,3.639774428,4.586505021,4.038772781,3.29032704,3.381092021,6.628968161,3.487217435
267,4.079784982,3.902510863,3.811198474,3.903318458,3.355611123,8.168449345,3.994105227
268,3.970450004,3.44894791,3.464889677,3.693425451,6.898905493,4.431124082,5.448882644
269,4.360242345,6.058808841,4.515390623,3.983763754,3.212193964,3.963607126,3.789190677
270,5.438852834,5.73927456,3.287930317,3.426959418,3.312775212,5.515788075,4.729335139
271,5.302865435,3.665287883,4.874301735,3.002952795,4.775355623,3.937266618,7.766473299
272,4.326658347,4.60010214,3.511590087,3.340954437,2.383148425,4.432648918,5.266626324
273,3.59971586,3.687621682,3.45827181,3.003724639,2.515594122,5.172055103,4.358060399
274,4.434369451,4.714923374,3.445383748,3.410146603,3.841105031,4.842003387,3.922666277
275,4.848157572,4.457600963,4.16851749,3.093438069,4.307608064,7.173057331,5.915628677
276,6.469337293,3.607704364,3.873044095,3.538552519,5.149445187,5.129805257,5.72823318
277,4.958971719,4.678285141,4.999865377,3.799932644,3.92608179,6.055349525,7.916225045
278,4.150697823,6.323232398,3.961051594,2.914925627,3.190495411,5.294506358,4.568882747
279,5.181662286,3.766463708,4.516401799,3.728175179,6.681796303,4.602125514,7.745580207
280,3.903713426,6.322314399,3.604779821,3.677102616,3.042637558,3.860739524,4.684438021
281,4.889020367,3.548242673,3.598644113,3.28956866,4.027172531,7.375550663,5.911826127
282,4.674985524,4.263021561,3.291140918,3.693732602,5.117707476,6.170543684,6.373004722
283,5.207507084,5.418618019,4.84799623,3.871280819,5.813366788,3.719450882,3.71166367
284,5.894736032,4.278533045,3.472753572,3.048084899,6.276125114,3.701468991,4.536400571
285,4.341581362,4.72594144,3.491764567,3.227064471,4.146634052,7.66606112,4.418425862
286,3.954009978,4.927410502,3.815708114,3.389620256,4.610192948,6.46992802,5.576606467
287,3.951753114,5.09133278,4.182158031,3.022708057,3.375692358,5.75707475,3.561611941
288,5.111214519,5.383408386,4.004327364,3.708414074,4.73682012,4.43905792,6.983083939
289,5.526042296,6.635026872,3.372836294,3.521072276,4.221399291,6.553623685,4.332495377
290,4.406908132,5.964060915,3.766992446,2.688330729,5.660256698,6.815303975,4.458531801
291,3.739590999,6.447718443,3.547560748,2.809337704,2.473103487,7.610309447,5.299689324
292,4.338065809,4.413050547,4.134208038,3.40089512,4.516748476,6.740838804,4.584429817
293,5.790552986,3.933140833,3.703312264,3.83143548,2.762602573,6.356356262,5.919575432
294,5.373193683,4.037091005,4.000379139,3.564695801,7.331693525,4.085890246,7.742986014
295,5.263765216,6.255131145,3.295460543,3.42264163,3.408424701,4.473155772,6.106692703
296,4.499616669,3.782765734,4.429846591,3.455879556,4.93215196,4.000448742,5.285852399
297,6.372208782,4.040927553,3.746968277,3.111318718,3.360835939,5.24743073,4.406220597
298,5.422435431,3.843107843,4.693767853,4.073180556,3.027772118,4.241575194,6.445844846
299,4.484780098,6.143936592,3.456628396,3.564324248,4.299648263,5.895010937,5.067419554
300,4.881162819,3.539368535,3.713334899,3.539070633,7.302087845,6.523617239,6.616347706
301,4.591389131,4.788814304,4.048047867,3.610382735,4.801716604,4.997863802,5.238938555
302,5.296722517,4.2330982,3.952623381,2.816334563,3.153028234,4.136190877,6.668595148
303,5.590008036,4.080815005,3.746511916,3.200059954,7.031877786,3.719866946,4.121201048
304,4.797932668,5.709194609,4.104470893,4.13434073,3.136806344,5.189227343,6.510809182
305,3.995744779,4.37043941,4.565847415,3.1236932,5.491068489,3.864970341,6.773938731
306,4.456977909,3.823822859,4.193649293,3.680614203,3.461332083,6.30564898,3.569353957
307,4.545116214,6.391233977,4.788623571,3.391662106,6.387678032,7.500253428,4.616310834
308,5.691118288,6.000941028,3.70838371,3.483329265,5.918670825,3.529281965,4.904165997
309,5.701836572,3.571398915,3.9976711,3.216947215,4.670484562,7.229969537,3.504000477
310,5.799792051,6.188099604,4.083694652,3.724509436,5.276426956,6.755575678,6.623662412
311,4.889255884,5.493667897,4.468309361,3.630117784,2.779215926,6.197798695,4.237632054
312,4.2240851,3.724405512,4.149459915,3.265444754,4.92803626,4.930209509,3.571968852
313,4.037040086,3.476684156,4.617067494,3.461565022,5.419086396,3.931674044,5.398788051
314,6.190942532,3.649688455,4.294237534,4.036909471,4.142725371,4.617558655,3.972524167
315,5.251161124,3.593316137,3.770819294,3.371806935,5.081795776,4.931215856,3.766813802
316,5.840663611,6.331659227,3.512505232,3.224507935,5.253741067,4.022268131,6.574792675
317,4.498689996,6.684761684,3.911589083,4.123640834,3.219445218,3.897081184,8.090531739
318,5.183739488,4.705015968,3.250718746,3.657728627,2.421021418,5.935113264,7.757634013
319,6.89795846,4.690135041,4.555318695,3.41514647,2.601553746,5.910829735,6.398974394
320,5.491695343,4.854453169,4.356187638,3.75272655,4.813491489,4.717927912,4.631690307
321,6.050607312,5.013774088,3.356827464,3.730324344,5.681217101,4.188181255,7.130993621
322,4.787639748,5.084665959,3.315797309,3.330472353,3.688489094,5.92205308,4.787048349
323,6.546574724,7.480733249,3.53089967,3.633750342,4.50255934,5.183662926,5.393939625
324,3.522926965,4.556815047,4.985078654,3.940065667,4.635245705,3.854497126,3.914455991
325,6.246322467,6.642908578,4.234464988,3.294393098,5.804030775,4.134754043,7.308461797
326,5.037758241,4.629236926,4.188112535,3.863187831,2.889927783,3.714153151,4.740808828
327,4.873640977,4.55213168,3.846108948,3.107688695,4.54242193,4.055646858,7.16679374
328,4.310161708,4.283777064,3.472199156,3.415360315,5.662897021,5.323289279,3.586259715
329,5.155445902,5.476259445,3.679464185,3.05118914,4.389662015,6.561621503,8.160201807
330,4.984644458,5.641740105,4.876118492,3.828117938,6.28284355,3.899999747,4.512465134
331,6.35397074,3.547492872,3.495941707,4.106603318,5.338032118,5.411222692,4.247748132
332,6.197379338,4.310781413,3.442698377,3.33986701,3.967784818,6.891676105,4.64062002
333,5.089734028,5.665097151,4.299827453,3.574402062,3.475178981,5.37381889,6.587041584
334,4.295662776,5.812989142,3.371440401,3.72710683,4.214668747,5.487333126,5.992678839
335,5.619782559,3.601384029,4.033762693,4.000215835,2.267172717,3.719439025,5.604264198
336,4.855561202,6.322054885,3.962665338,3.567292233,2.917527326,7.166777558,4.126240094
337,5.739247387,4.210167548,4.028042263,3.614600663,4.005404275,3.571203027,4.815374213
338,3.832914136,8.062413207,3.479094143,3.13978338,7.603333365,3.839085001,3.873246894
339,5.300178992,4.963327368,3.354815118,2.902363969,6.014537177,3.824478778,7.203250126
340,4.431141014,4.774808923,4.209623942,2.673712321,4.653966484,8.22052281,6.309710301
341,4.381580084,4.605252043,4.58450439,2.832941947,6.040835979,7.152876236,4.144400173
342,3.552968979,5.840872935,3.614144218,3.42732301,6.772970293,5.19470509,3.828057403
343,3.613363849,4.323649073,3.284299086,3.407668175,3.776023687,7.920547444,4.09080326
344,4.526028048,5.599984892,3.705903933,3.435049271,3.008176419,7.233597318,4.949464416
345,4.681540656,5.30413514,3.257040145,3.667691534,4.091926542,4.652801513,4.459117654
346,5.19903001,3.55784075,4.301978922,3.15917257,6.775289251,3.900792502,4.289201513
347,4.385584407,6.873850586,3.265653454,3.530705192,3.125830069,5.524867837,6.224523489
348,4.405216114,6.103963848,3.358053994,3.652016656,5.927177953,6.107023842,3.511127578
349,4.214890051,3.67003803,4.297401803,3.384207653,3.572823669,4.178381983,4.190349887
350,4.835608868,3.858348069,4.592898299,3.008815305,6.570848311,6.80300078,3.469298086
351,3.078362998,3.8536541,4.009804996,3.660512094,3.211369406,5.264565923,4.154265441
352,5.997352517,4.193212214,3.650423501,3.173808556,3.155444258,3.847934439,5.176885684
353,4.845403316,4.783491966,3.614411061,3.856809918,5.523973497,5.94137237,3.760082311
354,5.537905253,3.482717907,3.93312188,2.90772778,3.598697944,7.409211164,3.678280491
355,4.272935974,6.464874105,3.271814069,3.881842409,3.238345811,4.695559484,4.326947828
356,4.964601349,5.527472854,4.571908645,3.667637404,4.196614495,3.841099062,3.840376454
357,5.515564148,4.946376426,3.716234486,3.656706531,5.964302993,3.780595385,5.82771663
358,5.489725954,4.390724673,3.996875651,3.974513135,6.904705658,7.027965503,7.616192742
359,6.021594491,3.813111482,3.890283294,3.588826317,5.002750579,3.760336097,3.856855853
360,4.98916,5.280652454,3.725606261,3.588686142,5.637193429,5.305794572,3.509013541
361,3.798256794,3.802712001,3.429002612,3.229376071,2.766706019,5.979917957,3.721152591
362,3.142621895,6.694413989,4.186240187,3.167559878,2.620928029,4.752331809,3.674722141
363,3.774994603,6.051866465,3.927754934,3.320505673,2.372458075,8.109564611,5.072114417
364,4.818822945,3.471545022,3.363417409,2.731266088,3.475551099,3.783189179,4.429273516
365,6.322635676,4.266519615,3.723884331,3.541952037,3.073059732,7.637399198,5.139828935
366,3.772217351,6.901596802,3.776982452,3.648868969,2.924135485,7.468360973,4.712047174
367,3.700143911,6.101336771,4.361179068,2.770822497,4.554028163,5.192098499,6.763028955
368,4.794044306,4.586392686,3.884963421,3.862653884,2.889271172,4.971009519,5.027679408
369,5.329342337,4.38576139,3.649658032,3.493566783,5.823101299,5.565146858,5.628094695
370,4.668062599,5.179296288,3.329533915,3.626390067,3.660455068,5.576401139,6.465932233
371,5.379943069,3.395709407,4.87903844,3.537290805,3.009947481,7.935077239,8.46448655
372,4.268368756,4.183496044,4.236541026,3.700137249,5.867798216,4.557030976,7.471896389
373,5.439384247,6.357457326,3.391744013,3.373351015,3.41278154,4.617460481,6.86561569
374,3.913985183,6.960568484,4.059949088,3.167848248,4.600030017,5.372926172,4.674948759
375,4.176937913,7.33713385,4.48445816,4.076849714,3.858162849,5.538776852,3.709328077
376,4.766681236,3.497956186,4.170589735,3.95907343,4.413656083,7.164612751,6.947473645
377,3.837318066,5.579003464,3.564495379,3.688967073,3.448886491,6.314942995,7.270769417
378,5.200600744,7.937270057,3.27819165,2.882680981,4.054084903,4.122912545,3.597094587
379,5.752440876,4.278230146,4.29553104,3.668403655,5.343361016,5.692053756,4.732404785
380,4.183176678,3.774433182,3.516230876,3.056664829,3.695299628,4.343169158,6.544553812
381,5.180591561,5.575957905,3.313736116,3.961143272,3.686064008,7.218374271,7.930534073
382,5.600935899,4.764523012,3.24432185,4.007885121,2.709063848,3.715357466,3.883547112
383,4.854400931,5.208854003,3.398776708,3.819286739,4.699269878,4.519469685,6.869286641
384,5.694595257,5.301880566,4.198702092,3.89447353,3.842041655,4.386165595,3.746970014
385,3.658557851,5.406996617,3.896127687,3.813900177,5.22393835,4.716095929,6.643188347
386,5.55645933,4.160690225,3.905172591,3.434248983,4.326924155,6.536169022,4.163997041
387,5.195382531,6.619168291,3.753913232,3.944252083,4.52109482,4.158280794,3.856278678
388,4.585226628,5.920670651,3.284107245,3.151918494,3.457250911,5.471946571,4.673022281
389,4.460315528,6.929273903,3.621022254,3.553130671,2.940668159,4.402450638,7.924508169
390,6.099390432,5.811567965,4.504288086,3.625607785,3.261489569,6.778327489,5.361944328
391,3.511416925,7.424775721,3.701155239,2.963637903,6.279814799,3.817472507,4.110843594
392,4.666060467,4.676996597,3.928315791,3.503133634,4.009809986,4.332987613,3.951704645
393,4.163616089,5.928266364,3.716526791,3.537010006,7.113898142,5.730621669,3.597851896
394,5.015152804,3.908422989,4.142782273,3.304262328,5.918358273,5.510085058,4.954790386
395,4.962205847,5.026931655,3.35275354,3.687515313,3.07132718,4.820915014,5.590852055
396,4.509421859,7.25743486,3.427955468,2.902155874,2.976691555,3.626971625,6.478920433
397,4.208921038,6.370357442,4.064477023,3.510576798,2.311528193,4.505897552,4.261161506
398,5.565191392,4.305264336,4.385856383,3.661407397,5.204629799,5.833301518,7.462747582
399,4.692323012,5.500520064,4.540770583,3.780306521,3.747484321,4.037211169,4.093332559
400,5.374929027,3.66334579,3.885797333,3.603785729,4.537806915,5.334814695,5.615468212
401,5.53168375,4.788986886,3.978919313,3.925939271,3.234533637,5.689517944,5.541513203
402,3.458919902,4.025991739,4.308832181,3.25534955,2.660411083,6.540502119,4.65979367
403,4.101392523,3.892450905,3.567110075,2.919304285,5.282855051,5.462505046,5.604195733
404,5.375166396,7.342300705,3.493739501,3.199691556,7.340058767,6.77744145,7.550381918
405,5.458126404,3.571314493,3.731874915,3.567763864,3.085441491,4.832713934,4.106963135
406,6.197574917,4.904307278,4.110802394,3.617565918,3.787034457,3.716606797,3.761377366
407,5.918485816,3.918824881,3.759706373,3.728132493,3.149919532,5.065193655,3.713783239
408,4.97980106,4.145983208,4.145470381,3.255959147,7.324196282,4.097304457,3.791225419
409,4.205170991,6.529291254,3.654287303,2.953004267,5.894655895,5.951317571,4.399060889
410,6.056741017,3.563996279,3.52872767,3.76528461,3.64799163,3.587140908,7.566758909
411,5.89287002,3.975873441,4.264269966,3.397870245,6.481668692,6.805340378,3.513543055
412,6.34356869,4.661688071,3.507662357,2.894975534,3.233452676,3.841479774,5.257182359
413,5.34571287,8.060322012,3.808312343,3.591442081,5.412354541,3.888642913,8.426137925
414,3.280370492,5.074698776,4.409305523,3.478068797,3.777295317,6.756293869,5.038069964
415,3.540051193,4.746196609,3.59337099,3.398597585,4.903540317,4.728792667,5.685735429
416,4.698952302,7.175081307,3.550338706,3.554739007,3.538476851,3.803187873,5.505506732
417,3.179162484,5.300824184,3.921375354,3.518556215,2.591847462,6.35113338,3.575675691
418,4.544817605,6.564061611,4.014258489,3.394670325,6.495463075,6.961503923,4.303455957
419,4.4572279,5.473785857,3.286429238,3.382724717,4.455877612,7.252642986,4.633387261
420,4.531028523,4.385423786,3.659406146,2.945243656,5.914946557,3.713987233,4.710861912
421,5.409986148,5.381201953,3.394279403,4.028913715,6.960334622,4.668395172,3.524431379
422,4.325175599,5.533600287,4.811191717,2.780681442,4.482638444,4.102769661,6.192270283
423,4.591001968,3.579563771,4.272586612,3.693681124,4.136885143,6.921580796,4.912992955
424,5.792277643,4.72327089,4.101648652,3.196287706,4.874269595,4.291561415,3.892570678
425,5.612655003,7.944958853,3.468478126,3.571701115,3.371726954,4.446411808,4.701542335
426,5.99257236,4.046197135,3.49350751,2.796937818,3.819803763,3.850161765,4.663936334
427,6.401113637,4.948058818,3.513750949,3.79774546,6.070353628,4.9140674,5.747701006
428,5.799474438,4.474258274,4.240656287,3.93827338,5.458694136,3.737819662,3.394618552
429,4.661016137,4.927380398,3.469391545,3.750253772,3.137025356,5.974504738,4.387515968
430,3.998850101,4.476160629,3.532587725,2.991304735,3.905153236,7.808769028,6.542840927
431,6.229778592,7.781724161,3.257114192,3.770707216,3.69886905,3.730696242,4.476597544
432,6.128247143,5.412016426,4.642272886,3.258513386,4.426477672,7.766329721,5.850800769
433,4.944390182,4.912176699,3.718015649,3.626230283,5.241997377,5.072549377,3.423770823
434,4.635365282,3.898910046,4.396710249,2.87801322,5.922159893,7.651645434,6.526082399
435,6.275832543,4.802210949,3.635703905,3.815517149,3.355866689,4.585237286,4.366693474
436,4.292192471,4.170829247,3.425515944,3.730570327,3.619292032,4.220886885,4.03031772
437,5.078719937,7.048783012,3.43345075,3.210978238,4.844443383,4.252878019,4.490544457
438,4.037320002,5.745730263,4.015920267,3.801445965,6.744475634,4.98311443,3.565761143
439,5.190666564,3.793046707,3.391005719,3.201651433,2.603032036,4.878170471,4.200917293
440,4.061563684,3.670264657,4.427913285,3.066135221,5.418296746,8.266056618,4.31500684
441,6.527385189,5.401871903,3.444869394,3.093558817,3.080370237,3.808112156,3.95355107
442,4.742732156,5.184476317,4.34501818,3.365350824,3.30017231,3.918665707,3.695704629
443,5.456778744,3.397420652,4.761038642,4.115312718,3.585932529,4.74035262,3.80003454
444,5.871402381,6.505340397,3.945105861,3.043225206,4.695505046,7.110730283,4.080581135
445,5.313242201,5.505987106,3.467852051,3.463671,5.027340697,6.332632299,7.148403853
446,5.63699549,6.153699863,3.954013834,2.910753601,6.935518619,7.09883733,4.969608458
447,4.525072564,7.183456502,3.802738832,3.173181125,5.62502617,6.859557285,4.350571318
448,5.161400926,4.730382572,3.932768812,3.784069369,3.95779327,3.956778132,8.455578286
449,5.122678802,5.852955269,4.169699546,3.475469056,3.905054449,4.244340031,5.928817209
450,5.678796851,4.664343894,3.452261733,3.760399064,4.658100325,7.76712533,3.982318613
451,5.656467075,3.491153805,3.41943379,3.505869345,6.290143625,4.979214199,4.239830135
452,6.052631433,3.978923562,3.316396107,3.230441125,2.415884314,5.383618011,3.689120482
453,6.111701081,5.279168835,4.0127553,3.120775304,7.372678073,4.882919033,5.964767571
454,5.374861562,4.204571926,4.08587771,3.261028255,4.329045707,6.201679554,7.712020287
455,4.78679372,3.786214591,3.266684536,3.221509252,6.597469077,5.558720072,6.048806854
456,4.329970693,5.669324001,3.726067399,3.493087087,3.4694699,5.860973446,6.55328175
457,4.099650083,4.290977127,3.286066262,3.784664458,4.14158582,7.498453895,4.42806011
458,5.758638023,6.07706486,3.674572464,2.785222099,4.046749881,8.759147286,5.882808236
459,4.695612548,5.898457906,4.365490907,3.719211065,4.250024844,5.086984568,4.188037015
460,6.011270399,5.583016027,4.120725813,2.930885995,2.600861353,8.512436439,5.016490735
461,4.625062836,4.433367572,4.507264784,3.869866119,5.187597455,8.256745366,5.399441455
462,4.909244782,4.651622369,3.793105862,2.627734738,3.840220363,6.666682505,3.769072253
463,5.767812892,4.900261362,3.599826652,3.342796383,5.903379694,7.260183555,8.099463752
464,5.475775301,5.199643736,4.090711263,3.421597953,2.768619606,4.774558665,5.233542476
465,5.9695266,5.615941777,4.678431711,3.804230693,3.625013706,4.55395437,5.248509017
466,4.806505825,4.819790031,3.756420216,3.830565025,6.483415694,7.929660463,3.533956407
467,5.597779912,4.05396483,4.521856461,3.71008069,4.445186712,6.702944917,4.559397078
468,3.769890922,5.784918252,4.106978487,3.423869097,5.890417253,5.085874541,4.026538545
469,5.43123951,5.982796106,3.812934398,3.594038271,4.916888875,4.862235566,3.830868602
470,3.192794159,4.668361286,4.109174734,3.518177562,3.544408829,5.693451191,6.559666808
471,5.18283623,6.156908121,4.019377886,3.32496613,3.308117772,4.302340142,4.151085996
472,5.311054402,6.583924465,3.318568171,3.545828023,3.317594854,6.135584077,6.28780356
473,3.429406172,6.215702874,4.133113963,3.346337914,5.820882361,4.407833411,6.11784968
474,4.532438351,4.148334571,3.871726727,3.056632559,3.944427749,5.85274378,4.734328987
475,3.039799995,6.282024838,3.755748309,3.308202749,4.044974906,5.141409649,6.512685698
476,5.419403709,4.256824261,4.099691525,3.556777503,5.612558646,4.000676409,3.679076933
477,4.209656758,3.437352898,3.455567489,3.649193418,3.119383228,5.523139937,3.983736825
478,6.246789572,3.896388714,3.661086459,2.760859102,4.867181219,5.433484133,6.950098295
479,3.282047139,3.499305946,3.786760241,3.116620694,3.493246114,4.049042974,5.996828166
480,5.756678118,6.31608197,3.970549113,3.35886379,4.45532844,4.535912174,5.240199284
481,3.01706625,5.613810896,4.022228789,3.263646141,4.963263052,3.661803335,7.033572998
482,5.970410183,4.952494444,3.252356959,3.749330481,3.177303584,6.160711662,6.056872614
483,5.33849863,3.642915606,4.691612992,3.646725522,3.787612192,5.23745928,3.789364368
484,5.046302663,3.715132252,3.603971674,3.376565066,5.905104852,4.115864035,6.076051223
485,5.918046692,6.268355349,3.262257524,3.213574809,4.75944339,6.13374381,4.758740781
486,5.114457456,7.931946962,3.977498587,2.940232671,3.956157815,4.95207106,3.620446386
487,4.636336574,4.206969086,3.522086596,3.475056504,2.790826591,6.840045613,5.219659621
488,4.914522364,7.374303904,4.084684014,3.057031366,5.387876722,5.64793148,4.999463892
489,6.588577544,5.884231828,3.3479206,2.809402167,4.752487635,5.316696813,4.015073561
490,5.225965562,4.620176108,4.914964651,3.411208294,2.543095374,4.912891702,4.917025748
491,4.651716588,3.822882176,4.374313313,3.851393652,2.407246786,7.006331647,4.510544191
492,4.884648337,4.044772625,3.81611923,3.525278008,2.404557884,6.687397012,6.844807083
493,6.228335045,5.46039276,3.389752184,3.205557405,5.276273964,4.753083214,4.012381911
494,3.609134556,4.551049807,3.591300956,3.721204408,2.493078337,5.533626668,6.830498967
495,4.450985409,7.651986035,3.469753645,2.975306485,3.15767127,4.10387747,4.879320382
496,3.714414727,3.61043231,4.182853474,2.664707364,3.387771686,5.749597842,3.43364625
497,6.198595568,4.524548477,4.241697987,3.365973583,3.657274023,4.8663448,6.224348733
498,4.197576331,3.968973678,3.702718594,3.829948678,3.852843005,6.000210956,6.398828012
499,6.399458184,7.315224672,3.876150408,3.588813496,5.944041541,5.395870373,7.435979686
500,5.437709278,5.464285943,4.904189534,3.546654262,3.549832224,5.186900677,5.380992941
501,4.192237539,3.785884295,3.555616731,3.561742879,4.009083499,3.890059615,3.947583031
502,3.691279444,3.556768719,4.09482274,3.230191474,4.112514808,7.281801026,7.064350964
503,3.199972543,5.862277581,3.859525293,2.895889707,3.582103302,4.212942284,3.636927245
504,5.775761137,5.304970519,3.308719704,3.881932753,2.649867786,6.043631584,3.91281696
505,5.912021521,4.540501232,4.8058454,4.084066943,2.928188458,4.75906719,7.535719885
506,5.902033644,3.52299993,3.418869025,3.56197426,4.586830052,4.705001248,3.408451332
507,3.133029196,4.062488522,3.774827659,2.927555619,4.600433619,4.747819606,5.769185829
508,4.558616483,6.374126879,4.682632678,3.991418949,3.131371341,5.31183279,5.649831376
509,5.606369798,3.662301239,3.610062834,3.810926835,3.129847986,4.48850053,6.487055042
510,5.125257958,5.939502976,3.506329657,4.08105192,3.572110051,5.177471563,6.20281316
511,4.394515972,3.806316381,4.466671658,3.381098182,4.458889926,3.777017614,3.721763461
512,3.784224543,5.439991563,4.554972212,3.563361922,4.082258058,6.97756608,4.404715664
513,3.74290461,4.409484557,4.261525339,3.494447573,5.442583527,3.862043635,3.809958946
514,4.943222125,5.756905574,3.540502024,3.667529794,4.968793479,4.054193129,7.547841498
515,4.981881567,4.735733751,3.946405996,3.105773257,3.759388121,7.807439176,7.8204544
516,5.77682584,4.645250861,4.650289115,3.894559234,6.914845392,6.445419123,4.176371796
517,4.768075015,6.184774329,3.411421185,3.742626194,3.121731467,5.868109226,3.50255304
518,3.134470657,5.943550972,4.263027581,3.560870105,5.766615597,4.287697108,6.514853163
519,5.255287015,6.17679875,3.889182941,2.97588981,3.444963783,5.485449312,3.773415153
520,4.859208847,6.324078482,4.040143064,3.247877458,2.867589611,4.469221526,3.650762827
521,5.470220057,4.315867107,3.856239536,2.757484356,6.385891522,7.238555133,3.729907308
522,4.353518818,3.751489424,3.519558916,3.681678206,3.710125378,6.551593322,4.981898604
523,3.326112563,3.401881871,3.672490536,3.490914705,2.565359858,4.880790198,3.41632179
524,5.255773386,5.119718831,3.882486553,3.508501272,4.608992011,4.19308151,5.747045152
525,5.590388166,6.924283488,4.096104514,3.813192296,3.004361971,4.190227536,3.451221838
526,3.623737082,5.51404611,3.482285496,3.437721817,2.964028742,5.76246086,7.699899408
527,6.767820192,6.448359904,3.362994487,4.029074113,3.193550944,5.279601296,4.487185385
528,4.437615418,4.502700107,3.316312534,2.934889131,7.369464366,4.741310705,3.538336111
529,4.253913353,3.887470067,4.566967497,3.300465979,2.788025249,4.892029673,4.369035642
530,5.769977697,5.116303283,3.257528177,3.61538822,6.309314738,6.663265539,5.132561206
531,5.427804434,5.229061913,3.616948236,3.927743804,2.454387901,5.820562795,4.243567331
532,4.778437473,4.305987489,4.336363091,3.793410323,5.84414761,6.740443748,5.676617663
533,6.05312203,4.425756606,3.502642499,4.16400801,7.344208335,6.209832766,3.425567883
534,4.066421044,6.870352924,4.893394232,2.929237957,5.447323029,6.55130765,6.157986052
535,4.658459033,3.997930515,4.31426653,3.726471256,4.151506293,4.96136639,4.366881556
536,3.02441007,5.837697802,3.541116219,3.537110348,2.368080705,7.34367481,6.957974566
537,4.749906423,5.392870085,3.605604885,3.85570237,4.81091091,5.718569787,3.519611408
538,5.684861888,7.266136698,3.371954357,3.93686969,6.975810317,3.943469545,3.569916087
539,3.803922519,4.100198144,3.731651167,3.471560521,5.941415231,3.978702012,4.628758213
540,5.498427976,4.695873784,3.93358066,3.521204403,6.873444716,6.761812726,5.080388905
541,5.040354628,4.869524385,3.881625804,3.367531269,5.942171117,4.548602437,7.172682777
542,3.653667657,3.764224563,3.36242356,2.646537391,3.98702535,6.096765537,5.923949775
543,6.861699251,5.879421038,3.28865944,3.369983666,2.713497515,5.185726867,5.955266097
544,4.78909444,4.438414127,3.541667951,3.756781438,6.318936168,4.062163651,4.785743153
545,3.676538859,3.860045944,3.899797041,3.279851557,3.208529737,6.85243759,6.203876277
546,3.701194317,3.765270116,3.80920761,2.877226284,4.677927162,4.234090626,4.387265381
547,5.961327983,6.262734266,3.318335485,3.426340932,3.468706967,6.622731314,6.149251727
548,4.875489768,4.642023808,3.689784855,2.941874533,5.879506406,4.520791104,4.096081774
549,3.441117131,4.827879151,3.343653758,3.938920946,3.437361127,6.539691123,4.95903294
550,4.672456161,3.900687957,4.53323111,3.718792823,4.68732864,5.749583851,6.250503093
551,5.305655224,4.271453094,3.418531762,2.890279519,3.63160417,5.851140775,6.282335589
552,3.516577681,5.105324151,3.79392033,3.435449401,7.614406375,5.232555351,5.01749458
553,6.079933257,4.847395583,4.008584755,3.805403288,4.903662602,4.936169405,3.937170157
554,4.848597777,6.361703817,4.128810412,2.821471205,3.819845691,4.078554772,4.832437549
555,5.500972643,3.678210276,3.511369296,3.580305247,2.980349896,7.584982278,5.205222065
556,5.839141167,3.657663772,3.853514201,3.390463315,5.008756707,3.997624499,4.781735832
557,6.155716785,3.844192591,4.590069343,4.031147513,5.776646241,6.806431402,4.49659045
558,3.851320724,6.008663407,3.602989741,3.303384379,3.679025022,5.137752642,4.288153321
559,5.120844891,5.958824267,4.633888756,3.846028383,2.271044578,6.840631749,3.643712374
560,5.838605556,5.757390893,3.334733728,3.39555212,4.927937619,5.437957476,3.485908943
561,6.4086131,5.554930212,3.747401956,3.536636979,6.806596158,4.427440919,4.509128306
562,3.341904103,4.304101497,4.60649936,4.114980522,4.904532451,5.038393157,7.892397853
563,5.762267507,6.621437473,3.413295831,3.225785212,3.764722877,3.762476901,4.227555317
564,4.492754949,5.839208956,4.170491164,3.881523683,4.811872023,4.504005477,3.559076645
565,5.462627614,4.49332629,4.435579831,2.690346248,5.608765902,3.49238431,5.140399971
566,5.311339275,6.712730558,3.285669391,2.97531153,2.874763477,8.706403645,4.354783518
567,4.499935773,3.545765856,3.331728655,3.113743897,3.440337959,3.831275513,4.119734497
568,4.508087334,3.828736352,3.2805562,3.068527818,3.137101711,3.576523326,6.227044364
569,6.010099087,3.878642206,3.613912333,4.114012483,6.078912284,4.259613134,3.550820678
570,4.883458396,4.157907195,4.711614884,3.21888649,4.263052058,6.653091768,3.632264868
571,4.050043843,6.881914451,3.852130822,3.546973063,4.934124386,3.92177725,6.942023503
572,5.020250856,4.578690394,4.278817528,3.630257665,3.502012006,4.963680539,3.808260021
573,4.92443239,3.391259792,3.639572351,2.810585611,7.120963369,4.053508045,5.300049392
574,5.120383026,3.791612612,4.020885522,2.89072905,6.852186613,7.029616557,3.771190698
575,5.321136573,5.584336624,3.735837271,2.784337725,3.469501637,4.764517028,4.827780472
576,5.290796034,5.911440508,3.543986923,3.237039502,3.661088115,5.721522898,5.437674969
577,5.480073955,3.778498402,3.955075126,2.82540399,3.959565398,4.519209238,3.586042593
578,6.021059249,5.034488293,4.309101167,3.593342618,4.243746669,7.432145325,5.211252778
579,4.795688345,5.157249347,3.403670311,3.76277089,4.149310845,6.085479665,5.412892154
580,5.629580726,3.470963051,4.403785059,2.869579905,5.906711876,6.695744759,4.618399016
581,3.831351294,5.692451998,3.392175341,3.398237177,4.997231047,6.587236407,3.813529384
582,5.911773187,3.561491538,4.691442232,3.558450856,5.249595204,5.083346503,4.74151265
583,3.883988907,4.75958417,3.796467083,3.477886997,5.936298583,4.924458564,6.136634469
584,4.633575431,4.613157758,4.376841294,3.799008658,6.094888384,6.233546713,7.652252829
585,4.450433245,6.696609476,3.416845743,3.80852995,3.612813946,4.002286342,7.781576984
586,4.109401204,6.516694999,4.23772381,2.950511658,2.525730986,4.797544701,6.079085745
587,4.889975063,5.224852005,4.090191772,4.072018563,3.243736136,7.487890639,5.140764547
588,4.244155818,5.216713207,3.416200111,3.214490333,4.035867685,4.121286741,8.482548165
589,3.717250989,7.184497023,4.582072139,3.700716154,3.861287842,5.085094687,4.028811325
590,5.799407142,4.681869735,3.556324564,3.148445663,3.111840336,7.015837559,8.016079187
591,5.133349161,5.767760799,4.444038355,3.566564044,4.812669663,6.270704788,7.032399206
592,3.879606321,4.792913066,3.385284775,3.608424918,5.528786924,6.399010145,3.656957325
593,3.834614874,5.73758635,3.329693397,2.830387891,3.440478261,5.817521738,4.757704037
594,4.24884028,3.931093427,3.836480806,2.723731467,3.228931047,5.857046096,4.521771801
595,5.039685681,4.627187063,4.417296879,3.755716669,4.026677262,6.392803337,3.6688643
596,3.977897704,7.706059497,3.472531663,3.727128401,2.905120869,7.968821186,3.759681018
597,5.476443868,6.392312486,3.767927385,3.629954735,2.940231769,5.820400703,4.008582856
598,5.73453011,5.215081707,4.070795032,3.497485609,3.22602744,8.012910845,6.32264337
599,5.459010216,5.316963385,3.362577605,2.768484073,3.624330843,3.796064156,6.816013421
600,3.313529137,5.107466793,4.298243921,3.527941537,4.308277612,5.540010785,5.152403863
601,3.926847991,5.081582932,3.362664064,3.567868634,2.83142193,4.414813821,6.051849538
602,4.927919913,5.429134949,3.746179897,3.48311726,5.842458462,4.382714766,4.551255147
603,3.549632478,6.19440743,4.381728352,3.763589686,6.391306138,4.977943502,3.995176344
604,4.462622454,3.566837783,3.43440041,2.782157591,3.337303282,5.711660584,4.620182121
605,4.66770749,4.280907527,3.253805227,3.811321659,3.811473524,5.849889377,4.127419017
606,4.296468178,4.100118129,3.285791896,3.808362521,3.882940854,3.779102824,4.341999522
607,6.227580835,4.351064398,4.14887174,3.445363333,3.971635351,4.249433852,5.932889987
608,5.480877674,8.006962172,3.815421049,2.794325743,4.732807586,5.596432865,4.433989834
609,5.564061799,5.685592083,4.209182921,2.811813291,3.69646886,5.181741208,7.207193764
610,4.595196043,3.952830247,3.336264566,3.713010813,3.56820242,4.528726595,4.26992901
611,4.504339004,3.628188303,4.117627864,3.226345646,6.408549313,4.309880945,4.026735494
612,3.947495252,5.774667591,4.219376372,3.099876513,4.298903524,5.571122979,8.404671574
613,5.701971114,4.609352896,3.863566156,2.982130009,2.879356806,5.797799296,3.841381204
614,5.878817036,4.584875235,4.651620615,3.801553417,6.020786549,6.341050326,6.139592895
615,6.393217135,4.190016307,4.365905905,2.684591004,3.488316589,4.964889192,7.22119026
616,5.651098616,4.890548809,3.249074077,3.537140192,3.645498518,3.748256198,4.65987795
617,5.591747338,3.952036142,3.805704065,3.443570392,4.224525366,4.050234871,4.28636977
618,3.414921324,4.135891346,4.553823678,2.929555072,6.913523301,5.773036892,6.377198341
619,4.186401895,7.019520822,4.716210787,3.131372477,6.905380855,5.486950158,4.238063891
620,5.760297246,5.990628273,4.382173543,3.182248065,6.809899821,4.550791604,6.088833271
621,4.461184531,6.452562422,3.420685521,3.804366405,3.314860009,3.960613004,4.447317527
622,5.355127511,5.526229653,4.180352857,2.945241623,6.065475056,4.274828372,3.950162182
623,5.463719924,3.876133822,3.458182858,3.072771176,6.439629275,6.348337971,4.263958738
624,3.774272712,4.245543443,3.721700514,2.896116929,3.594786657,6.662497136,4.160740447
625,4.373374632,3.567482943,3.650757952,3.252493071,4.546532345,7.035670358,4.759717901
626,3.113096446,4.812678327,3.360399996,3.374020888,2.8387778,4.567336024,8.236263286
627,4.210171945,5.437533338,3.729157232,3.843143572,4.914218836,5.602994757,5.111600234
628,3.618804498,7.527608952,3.608573921,3.541534564,3.872726017,3.872559094,5.396521993
629,6.36808183,4.091153259,4.572719185,3.411778668,4.177340902,7.67536684,4.034143973
630,3.47805884,4.525780007,3.722064641,2.809239124,3.317420807,5.27943672,4.171533234
631,5.270218509,6.319186373,3.251818769,3.962684713,2.757829152,4.164528466,4.16577351
632,5.844057843,4.152302164,3.393179694,3.506630745,2.88452254,5.77592848,6.906402925
633,4.181434151,7.485163963,3.38794375,3.10287106,3.499529046,3.644126129,3.914492135
634,6.05007728,7.954319621,3.347883247,3.274743643,6.910414679,3.734085742,4.93028114
635,5.949862539,5.745204577,3.588121825,3.053903168,4.754394003,4.859378224,3.75434972
636,4.86827805,5.662072569,4.085305274,3.196194392,5.776026776,3.760619948,4.135716972
637,4.879562571,6.028456167,3.588810214,3.330528361,5.355270895,4.591906501,6.461241672
638,4.857362556,4.657848103,4.076518754,3.371457187,3.786337744,6.994425716,3.691707664
639,4.792620528,4.099522053,3.397551739,2.936711544,5.94392834,5.034998203,3.780036052
640,4.972583573,6.12945399,3.644890573,3.432225456,5.923726162,6.454739511,4.108415742
641,4.067018818,6.450966128,3.704100773,3.393899486,4.674274696,5.977255155,3.440861834
642,5.074156901,6.019237109,3.453212111,2.832658544,4.084059486,4.82091935,5.299162329
643,5.117798608,3.674325266,3.635430078,3.495336251,4.653003144,6.04803143,5.913777503
644,5.11648739,4.409912273,4.080579702,3.502425587,4.337260992,5.217049934,4.075287287
645,5.774771332,4.199934286,3.892034945,4.003245572,2.910682029,4.292105049,4.525056529
646,6.514490965,5.544101518,3.813407674,3.515205956,6.71273677,6.652762284,4.363912751
647,4.821320773,7.426139889,3.61129685,2.860910518,2.447811162,4.07974479,3.781474385
648,4.754834857,7.051145956,3.332475039,3.995226101,5.873998866,4.007265394,3.490470109
649,3.508476865,5.02657156,4.17715257,2.612565723,2.940600729,5.389163487,3.522863977
650,6.025657871,4.316146968,3.43388052,2.919869049,3.876770785,6.052270306,6.307079607
651,4.555546612,6.420200279,4.804626864,3.973554981,4.566063879,4.493594247,4.733381107
652,4.811615937,6.67291377,3.284126161,3.838112558,3.057026482,6.815376856,3.625499471
653,4.976169165,4.927023984,3.56857514,2.939459128,3.549127043,3.656387678,5.508829965
654,4.751069273,3.924825343,3.405257133,3.163331927,5.964094866,3.83116985,4.303619391
655,4.165972438,7.375364271,4.835697068,3.562178946,4.840574602,4.094884352,8.262589995
656,4.513227662,4.658528458,3.863928737,3.095906818,4.527446252,4.509985623,7.520900381
657,4.705779538,5.441803091,3.460129743,3.438833382,3.130145204,4.602921786,4.702954162
658,5.34497046,3.833429791,4.311995021,3.875258016,5.859051164,3.770252185,5.260398812
659,5.129957804,3.647340091,3.971091737,3.284095274,3.352475783,4.807405925,5.859360631
660,5.441520999,6.500372981,3.348939271,4.089656138,4.867677107,4.899722286,3.653818558
661,4.549766954,4.042571992,3.434180253,3.643812285,4.596512231,4.559779849,4.275407477
662,3.339506623,7.870496546,3.895745722,3.599372447,6.484862915,4.057825155,5.238739507
663,5.006980717,6.287383298,5.080487484,2.988816012,5.357103043,4.788054811,3.897522784
664,4.539361838,4.435430099,4.43141882,2.771735995,3.078342869,4.221746649,5.237648806
665,5.123557061,4.057431432,3.610476017,3.799735363,5.812721135,3.842998623,4.391122689
666,5.455148787,5.259853409,3.882211888,3.871341875,6.692364606,4.133272343,8.494006758
667,4.963786747,7.369108825,3.410592062,3.148791012,3.131898172,5.113316413,4.915676463
668,5.541437126,6.00340722,3.923284793,3.414168323,6.816589764,5.581332624,5.701004443
669,5.19853318,5.282741447,4.00865869,3.869094544,7.133115849,4.319555544,4.152756759
670,3.499912344,7.347079491,3.285665902,2.666056034,3.235181038,4.467151676,3.697690124
671,5.568976201,5.543406035,4.060432785,3.550081353,3.814169588,4.179382076,5.483153035
672,5.838454141,5.228154744,4.530958897,3.015061331,4.557869305,5.633839589,4.124343448
673,4.123945132,6.989225388,4.551276493,3.926723124,3.002161432,4.416832822,3.682965991
674,4.439017049,5.449886784,3.253894696,3.119439472,2.658135091,8.077342889,6.431730404
675,5.027058778,3.993545651,3.378051645,3.995376442,3.108013266,6.833058839,4.793355386
676,6.853875115,3.981959379,3.326898463,3.370642001,4.837397466,4.07264199,4.116638369
677,4.351435703,4.679068082,3.646582533,3.611311613,5.034668898,4.474747311,6.087918061
678,5.042991199,3.64445415,3.321613487,3.539045903,2.221306757,5.040141069,5.638888383
679,6.551535886,7.087315166,3.926770784,3.407861231,4.083083031,4.943295098,4.397025598
680,4.91816171,3.460027332,4.912235997,3.889979613,4.185335447,3.79041662,5.160026589
681,3.876381893,5.6215509,3.250312709,3.69956466,4.874215003,6.27231901,3.992232094
682,4.79310624,3.580102169,4.525928976,3.099522208,4.003838576,4.778664837,4.037125085
683,4.293861143,6.96524933,3.34917396,4.016004824,4.47219493,3.680707764,4.352211569
684,5.557706068,4.697058627,3.817403065,3.635183714,5.765912377,6.221739517,6.255232894
685,5.171714829,4.487607994,4.605594391,3.806456098,6.250803939,5.574772553,4.050101258
686,4.551621543,4.63423831,4.80369578,3.133054927,4.239174427,8.654141544,4.891068182
687,3.786643004,4.564748163,4.205059071,4.182832172,2.724137474,6.573804283,6.596798737
688,5.417158706,4.722443925,4.55513632,3.679694429,5.099840186,5.57814289,6.822919702
689,4.419914714,3.595346423,3.435841384,3.619214836,6.149386905,4.473537125,6.848720667
690,5.244543653,5.711089196,3.62132586,4.136212879,3.888358888,7.042143584,4.140400027
691,3.422535493,3.554652304,3.820330245,3.393227595,2.813001356,7.274442201,6.549928936
692,3.372593862,4.018386938,3.349226114,3.800471394,5.330390316,4.837932507,3.624768027
693,5.960672347,4.869306446,3.606095419,3.787433147,4.201991596,4.725327494,5.570068904
694,6.160402168,5.073178639,3.936865994,3.291287265,4.288172281,3.7511488,7.436295146
695,5.532784071,3.885020906,3.275922904,3.640950522,3.342768055,8.712412187,5.401008468
696,5.711207809,5.633970173,4.147507753,3.377040503,5.808316455,8.218287787,5.556867049
697,4.158364973,3.420815466,4.215958747,3.205988841,5.433427682,4.230059548,5.612192122
698,3.664000117,4.562416017,3.449666436,3.869596144,3.421348423,3.780695122,3.794266571
699,3.655913205,4.775046789,3.604181351,4.026089615,3.062230847,5.729994276,5.334369419
700,4.001316013,3.772215726,4.399333388,3.625589036,4.696711792,5.350870538,5.157654192
701,3.844978696,4.547128305,4.059341558,3.581996579,3.411781104,4.005137675,4.439999974
702,3.994158266,5.675766983,3.84268084,3.466650699,3.112610782,4.90370539,5.319087984
703,6.295585007,4.409264113,3.960894482,3.763869918,4.266684634,5.744225513,4.605988984
704,4.421263467,4.046865384,3.330100459,3.211762548,7.007514011,3.810138035,6.440919425
705,5.266398124,5.681409993,3.752200151,3.603472753,3.035120668,5.364424436,3.524228272
706,4.924221262,6.641534998,4.087570009,3.970306516,4.571107124,8.211291383,6.161933214
707,4.208511766,4.037050257,3.503798891,3.988266183,6.821577739,4.547005924,6.687838229
708,3.132389307,3.650035026,4.618678754,3.687075042,6.126541274,4.791733277,3.426134808
709,5.58649405,6.584076789,3.619201525,3.217273353,5.486509283,5.397794795,4.390366146
710,5.921782746,6.764692653,3.636796995,3.056814913,4.541121765,3.685743626,3.430302765
711,5.119956025,5.071313947,3.319168337,3.633628609,6.558660717,4.559228347,4.3456204
712,5.374851186,5.710822879,3.327627211,3.169231315,4.101843694,4.332751716,4.382134148
713,6.619916748,6.706935735,3.443868205,3.633593094,4.777061225,5.138068497,5.252597532
714,5.03231708,5.657043949,3.30573514,3.04336726,5.507142924,8.576893395,6.255218723
715,4.74113671,5.206812862,3.393265545,3.232765278,6.455193811,4.411940156,5.117632338
716,4.61361662,7.220624468,4.480732471,2.900222312,7.217493424,3.90112392,4.478590924
717,5.333728975,4.530097383,3.257530273,3.550108327,6.053267715,4.623255753,4.990053498
718,3.930215692,5.325880066,3.298623423,3.337891949,3.19927342,4.54557953,4.171616683
719,5.416585027,4.952399533,4.770089279,3.533731495,4.301027266,5.186256614,4.90599132
720,5.23084256,5.325226994,3.85759862,3.295635352,4.659327057,4.607081449,6.585858313
721,3.602434686,4.378903503,3.282279085,3.554752647,7.102366298,6.565781281,4.462296131
722,3.913155702,4.162999731,4.101516975,2.780994751,3.157266319,3.70786478,5.099558425
723,4.245051764,3.44772779,3.658608719,3.691823233,7.218014327,6.600066313,5.127808934
724,6.055708967,4.034602291,3.65733895,3.770491674,4.268543693,3.612249715,6.81821337
725,4.983899347,6.188769469,3.467945065,3.81162711,4.414717313,3.587236282,4.432483494
726,5.680811324,4.383347343,4.872087944,3.109968048,4.967397275,4.630120878,4.000349848
727,3.35197818,6.758229137,3.410612401,3.589176838,4.367670384,5.695877664,3.669674741
728,3.096664117,3.503082076,3.306673653,3.604944716,2.918480341,4.367209558,5.710628181
729,3.327306861,5.34308289,4.228031015,3.430107878,5.962221218,7.421019554,7.471275687
730,4.496229432,5.1194292,4.701244128,3.84739429,3.474691363,5.913280722,6.67689998
731,4.801796897,7.50653668,5.089413134,3.632435067,5.432121856,5.871464043,7.846168079
732,6.17659084,5.618483832,4.640080955,3.594623571,3.653944469,8.215545858,5.581694598
733,5.745233938,4.540495293,3.357398298,3.424285691,3.478942364,4.927839231,5.179105245
734,5.709675027,3.532673381,3.816459921,3.656592498,2.54372165,5.978964006,4.148757114
735,5.39741011,7.751796888,3.376605564,3.418870565,2.483924334,4.37791525,6.103478429
736,4.778349035,6.670286798,3.7364632,2.815993576,4.56713569,6.290039527,6.55071817
737,4.599452101,6.982862352,3.262102886,2.929912395,5.472287619,8.019764416,5.955966108
738,4.609135073,4.928436716,3.95144017,3.791347428,4.08756173,4.599444993,6.38715092
739,6.044963407,4.456642776,4.70627365,3.202021374,3.972839396,7.182570738,7.006397468
740,5.171705786,5.50788961,3.955512311,3.739793968,5.953487402,6.841763581,4.599613079
741,5.194014635,4.350791355,3.986644544,3.571494615,2.886487529,5.22110095,6.167462015
742,2.85418048,5.100116956,4.808953102,3.102015084,4.451722916,4.342388015,5.815774074
743,5.847135024,4.371362493,4.016042772,3.40887336,2.461617929,6.541871459,4.963517471
744,4.410971613,5.870719259,3.586673165,3.614137813,3.675880712,4.888170064,5.887805828
745,6.407503921,3.761940834,4.293815594,2.938939623,4.34129449,4.979656419,4.109486765
746,5.859109877,4.530293056,3.608538399,3.903240994,3.387396041,7.078475654,4.582546294
747,4.822330392,4.637066489,3.629609541,3.661494491,3.837145478,6.646816842,5.563605943
748,6.21099817,4.035164779,3.881888876,3.054045025,5.376002463,5.415525322,5.932419374
749,5.649805484,6.106894602,4.584045245,2.610721916,3.696654335,5.496444706,5.174181801
750,6.430707161,7.724111433,3.941898699,3.492508017,6.146258334,5.400978832,6.70460008
751,4.593549021,5.4060004,3.356518575,3.478197438,6.251193534,7.239351191,7.347867999
752,3.181113554,7.144662478,4.530175604,3.906747381,4.120375667,4.89411558,5.60546409
753,4.462761879,5.644534152,3.727736715,3.903667965,4.590735601,5.228511951,3.537923678
754,5.404916984,5.815762975,4.222739229,4.152015251,6.368567245,4.058689172,6.994737662
755,6.02984898,3.854574361,4.929881157,3.158178124,2.680381383,6.635132279,5.445795642
756,6.780859704,3.624730493,3.429595906,3.669699396,4.400273637,3.689784599,7.090615371
757,6.357050075,7.07081348,3.754946481,3.204695177,3.030289468,3.749568128,5.427304223
758,4.507789764,5.714592769,3.997358947,3.359867114,6.55847494,4.575298743,4.729169033
759,4.899030971,3.907746829,3.488690211,3.354622144,3.9371396,6.293576703,5.1321028
760,3.865250022,3.841790551,3.509291451,3.587879805,3.60859887,6.976946766,5.029328011
761,4.376873166,5.198252917,4.333291741,3.993343441,3.514635291,5.561312124,4.635410771
762,5.403140037,7.154845918,4.549628158,3.522614577,3.982666498,5.449446928,6.497267313
763,3.505875317,6.086796166,4.596894286,3.171417173,5.508191309,4.50893551,5.652017537
764,4.910942433,7.384811702,3.284474272,3.536354976,2.454649482,4.378625601,4.30813374
765,4.939938459,4.132467123,3.793377841,3.490153873,3.941086649,5.339500394,3.771979552
766,5.188951386,6.45692426,3.573082347,3.795146468,5.457467432,4.374580869,3.866449334
767,3.096096823,5.193954816,3.479897307,3.975506475,4.803565948,4.316725231,7.583286343
768,5.243228211,6.826836656,3.52484887,3.846178729,5.568717655,7.441548338,4.433208609
769,4.114135175,3.529734473,4.345050597,3.713363714,2.798633111,4.626120707,8.10318397
770,5.304558708,6.430422853,3.644227705,3.28980483,5.554171953,3.864378381,6.606683327
771,4.706314174,4.22026919,3.951838633,3.075541395,5.586686422,6.313629536,5.463098748
772,4.386465308,4.719795979,4.302785538,2.924062673,4.81415695,5.575405338,6.915522808
773,6.079699197,4.461066181,3.373360441,3.307824584,5.258519456,5.801725973,5.080262148
774,6.011806479,7.071742758,3.442393214,3.745622491,3.418703788,5.526557544,6.493125889
775,4.694084114,5.829834927,3.5659023,3.983298304,6.486478965,6.273641123,4.980373811
776,5.604264454,4.004586561,3.91771747,3.396432349,3.241659899,3.944146335,4.897731466
777,3.985576361,6.076717643,4.388815112,3.194452976,4.523376814,8.665507669,6.193425195
778,6.192739186,5.166597945,3.530741294,3.048864487,7.417597068,4.640687706,7.219614333
779,4.018585214,3.782811389,3.47595663,3.967069775,4.643053644,3.949153659,3.893813838
780,5.540607934,5.504040854,4.390405841,3.27036593,5.168597159,7.462686418,8.063375362
781,5.452790088,5.953690595,3.710810551,2.662732787,3.500823943,6.064469969,8.276944881
782,6.481842259,3.713558679,3.319078405,3.754769273,4.317729366,6.363016949,4.975137284
783,4.801099205,4.166458221,4.721804605,3.765685517,7.455682481,3.721038425,4.463225546
784,4.847640787,4.964603723,3.505607458,4.157934751,2.59080896,4.331106272,6.040313494
785,3.519080159,4.769665237,3.450566638,3.368850823,2.935557588,4.930546125,3.53568582
786,5.608696212,5.098960114,4.011313992,3.149772362,3.219225814,6.187485061,6.886632122
787,5.225910776,3.996585511,4.087095316,2.665505526,2.953763181,4.218030713,5.584107661
788,4.074848226,4.341143997,3.931517135,3.476212291,5.990050354,4.732842013,5.770160178
789,4.552711355,4.070688345,4.706083459,3.616568452,2.991941607,3.77665555,5.315967439
790,5.082140802,5.808620444,3.68215444,2.928473095,5.144969516,3.703411848,3.586373608
791,5.475985871,3.70273305,4.609978868,2.974861228,4.459453048,5.833429269,4.633304874
792,6.384206377,3.644239419,3.263100458,3.366447858,4.022775122,4.339636946,3.62791124
793,5.694776932,7.342102376,3.495881669,2.906400492,4.392844394,6.928225715,6.101657089
794,5.866636515,4.993266555,3.568171536,3.6327609,3.776219521,4.68943358,4.28854512
795,5.923929229,3.474423521,3.38795819,3.786787466,4.293493224,7.643643332,4.0983784
796,4.534067647,5.680171794,4.048466686,3.407654059,3.063434097,4.810654056,4.969828905
797,4.380811833,4.676218664,3.40734389,3.395148051,3.64246353,4.836883745,7.684329388
798,5.359125443,6.265145018,3.39858654,3.801371314,2.889136181,6.44480006,6.817847877
799,6.844596905,5.25740739,4.229062996,3.111394613,2.755511915,5.025609021,5.12218363
800,3.649406368,5.396925458,3.868098984,3.814861058,4.908648677,6.633016568,3.820077542
801,5.01279484,7.696374115,3.709096449,3.765631535,5.269693989,4.859997023,3.770631106
802,4.928039647,6.981645334,3.996441413,3.771837282,7.332040237,4.63483733,5.075740235
803,4.109976212,7.552374415,4.428698021,3.606647747,4.096982327,5.501410185,5.731996775
804,4.230496764,4.221847296,4.304353385,3.915359839,3.592728886,4.083043263,3.824805824
805,3.255469178,4.344890728,3.625080731,3.499712232,4.151165945,4.347033279,5.095517992
806,4.051930852,3.662383131,3.914301238,3.640687675,6.333069791,6.962442096,3.771793799
807,6.073633998,3.787204847,4.24340247,3.006087552,4.407326932,6.405812085,4.230972846
808,6.433721789,4.099351132,4.390085245,3.097821461,6.578988392,5.239178134,6.341854706
809,3.424967211,5.270517754,3.566756307,3.786444008,3.277379248,4.669675029,5.889545878
810,3.414666113,5.230240697,3.686423649,3.805409266,5.944829205,7.049742998,5.918051885
811,5.198762309,5.03237243,3.802714273,3.61482046,4.212311566,6.482609143,7.914839134
812,5.005373677,5.464475577,3.284837077,3.549641597,3.944686174,5.752069824,4.586706215
813,6.61168574,3.762716532,3.466716549,3.679739763,5.21465201,4.583889091,7.985176699
814,4.089520461,6.008453394,3.770541886,3.708279515,2.391528379,3.561156407,4.381808445
815,5.764658854,3.675528192,3.976251374,3.016126679,7.202698485,3.870336159,7.414026916
816,4.370393811,4.223264909,3.42033012,3.080139939,2.797356087,5.512304526,4.144771974
817,4.989979478,5.054579573,4.012620466,3.527804296,2.218199889,5.827484684,4.188121705
818,5.959367262,3.700715769,4.091168485,3.230062239,5.565615009,6.686919481,4.695647604
819,4.209255392,4.910678083,3.515666051,3.169640774,7.06402766,5.516209566,3.39680436
820,3.392145684,6.19123854,3.256192009,3.544347153,3.648191321,3.795583643,4.862759185
821,5.021462222,4.544093157,4.330097217,3.499341841,5.428907441,4.310232219,6.537202105
822,4.166732078,4.603834697,4.400179926,3.290014208,4.693885964,4.486063719,4.661863848
823,3.41945938,3.772768785,3.708917832,3.287808862,5.076641834,6.003433272,6.593973789
824,4.83621187,3.63691156,3.327764964,2.687572641,4.990803473,5.698044622,6.695786914
825,5.553628661,6.770975332,3.399615636,3.61413517,4.347196057,6.467817602,4.7731989
826,6.852654997,5.338109152,3.344830023,3.751610504,7.295280045,3.577488819,3.551866245
827,4.53540513,4.387484031,4.768915196,3.662370935,4.594090394,6.180017908,4.205443123
828,5.110636422,4.87139913,4.382433407,3.503740709,6.152693784,6.814834925,5.968785462
829,3.394064272,4.279306368,4.412468482,3.604168799,3.396237285,4.320801034,7.594286857
830,4.897967921,4.606071329,3.648821771,3.02695807,4.018678338,7.138041064,4.044284064
831,6.799921026,5.731861668,3.612270838,3.089452231,5.700934608,5.245926354,5.650842
832,6.336156774,5.173485869,3.31390979,4.044702919,3.290648338,4.805571378,7.893414742
833,5.765557514,6.534070356,4.116285363,2.967446113,2.946088241,6.444786003,4.105237041
834,5.242611859,5.024518902,4.235834012,3.041459099,7.813215115,6.406146715,6.237041979
835,3.262687898,4.836942364,3.705686183,3.984569879,3.593114942,3.919118379,5.037140969
836,5.979654204,4.594033031,4.456684649,3.614179842,3.168325827,7.480309453,4.385185355
837,6.075149874,4.380824376,4.523158524,3.480105401,3.13658086,5.709926965,6.147997752
838,5.343527233,4.557987533,4.562027622,3.237496154,3.291230066,7.044612829,3.551791097
839,5.432213858,5.729547639,3.98112903,2.863802124,6.195522465,5.183044377,6.36508006
840,4.608829641,3.691570613,3.284078327,3.551087004,4.471290585,6.772757427,6.05664183
841,4.799615782,5.106134086,4.008029977,3.383298341,5.55417101,6.14527861,4.349956049
842,5.28950868,7.488270533,3.62696812,3.275743785,6.194524847,5.903331983,5.050010618
843,4.594481608,6.95922989,3.550520627,3.453995637,6.21880393,8.392489356,7.182135738
844,5.378426268,3.540048648,3.422307597,3.526830716,2.559694046,3.571803849,7.574895704
845,4.327296312,8.005818166,3.920910649,3.608376386,6.28945369,4.375029481,4.099577015
846,3.439143212,5.83895569,4.442239247,3.283701205,4.484765386,5.922084302,7.200676174
847,6.304380283,3.553236877,3.845091746,3.711919983,3.460510355,4.208113264,4.174457106
848,4.88153192,4.092291157,3.490618199,3.167148209,4.801672132,3.928949594,3.934991624
849,6.572250563,3.565505295,4.975315324,4.172865561,5.772406461,4.187262908,3.567522175
850,6.785345771,5.247747246,3.546647784,3.460658622,3.758922368,6.796260216,7.259083576
851,4.558073867,5.766076956,3.39440155,3.960167028,6.098018544,6.256033656,4.606406045
852,4.255244096,3.552209696,3.330906373,2.674157421,2.595247075,8.079978701,4.460678185
853,4.710507212,7.63123471,3.613698976,3.156521595,6.603252224,4.416122564,4.69165558
854,5.033381115,6.350943063,3.715859808,3.495552267,3.601045393,5.776697022,4.096222925
855,4.313004299,7.22931245,4.227414795,3.784864997,4.305570754,4.992383946,5.093286688
856,4.686681897,7.042328066,3.291259714,3.697678847,5.39080682,3.639282138,4.114672114
857,4.07679895,6.546735711,4.226003654,3.174438675,4.46289441,7.243400069,5.9434986
858,5.020231599,6.117288142,4.099558308,3.433389161,3.537839567,7.282804793,4.44545159
859,4.003176527,3.782730627,3.338211119,3.919631107,6.313453149,4.730667355,4.838044765
860,4.68829606,3.748685597,4.763250948,3.658262987,6.200862076,4.426220889,5.415012988
861,5.574077505,5.454560756,4.044638942,3.856014359,6.511406981,6.575653545,8.169300293
862,6.690105654,6.217917285,3.289047534,3.984129712,7.02469619,7.147430531,4.212587468
863,5.658622238,4.174676245,4.329786515,3.425655756,3.613704449,3.791209254,4.597006033
864,5.307487542,4.229223248,4.747895115,3.608830886,3.731842064,5.895860731,7.729901535
865,3.900300048,7.231481,3.500372343,3.702084228,2.325721099,5.762756827,5.819496843
866,5.010463407,5.507103487,3.77320341,3.515491259,3.576130763,5.190839489,6.725068622
867,3.891009957,6.195098559,3.307724043,3.932077518,5.378917026,4.912616374,5.143037203
868,4.061256522,3.620226257,4.70639885,2.690451236,5.394742611,6.080338023,3.973610838
869,3.910524008,6.246564966,3.669010815,3.302841872,5.1370093,6.381100959,5.304900079
870,4.937177616,6.438378209,3.596879066,3.792924846,2.404742328,4.740571686,5.08550771
871,5.308622371,3.697301297,3.570836268,3.413314832,5.279346861,4.195075864,3.421774872
872,4.397421679,6.020447325,3.465046003,3.085414699,2.877947096,3.752739259,5.827882428
873,4.46802168,7.177481081,3.469463092,3.465985242,3.950576894,4.082251457,3.684309326
874,6.262467388,4.123108789,3.476621369,3.446209713,6.001754069,5.315949623,4.092932237
875,5.071854907,7.040300102,3.35597333,3.58055252,4.084046609,6.890540984,6.714679688
876,5.502194589,6.369149224,3.740843125,3.705586384,5.030418683,4.690780101,5.36532803
877,3.694345309,3.981476303,4.566508139,3.180883146,5.600176757,7.786203197,4.736321163
878,3.897038693,4.103438088,3.702871207,3.61693109,3.337952833,4.336497721,5.635197932
879,4.818758523,6.011702439,3.484716544,3.384236478,5.622554286,6.546443679,4.914776448
880,3.664489927,3.8564988,4.928711514,4.020859328,5.906913501,7.373137577,5.709981749
881,4.816506551,3.870036606,3.608110933,3.734312259,6.482294136,3.763599787,3.452611956
882,5.301568668,3.900889354,3.315691545,3.112875669,3.504013221,7.273441243,7.178813129
883,3.79244245,5.617019221,4.15312339,3.556144846,5.22856714,3.951324324,4.744000483
884,5.1747281,4.507057898,3.355693184,3.278296757,3.561632122,4.597497862,6.20636659
885,3.470719944,4.260923433,3.260469955,3.853410634,4.763409062,5.375354546,4.941282146
886,2.859652169,7.913346027,3.653004514,3.072871963,3.082018896,7.634961828,6.44564219
887,3.794894984,4.780378184,3.587504068,3.620988288,3.899496486,4.08298171,3.603649664
888,5.945393011,3.821455862,4.510679288,3.736852898,5.953483148,7.154049954,6.092670112
889,4.826930368,3.470795503,4.871008761,3.632030013,3.064482934,6.684881331,3.774626225
890,5.362315216,4.820059111,4.229139758,3.437756992,3.403323996,3.911359332,4.38648268
891,4.901212942,4.980753503,4.377772733,3.634441589,2.969721142,5.507079684,3.672885267
892,5.740226541,3.653222458,4.506376055,3.951763085,3.967143257,3.872102438,4.416335814
893,5.903033904,7.174624929,3.807792943,3.761675315,4.537431309,5.578298683,6.804835696
894,6.341043325,4.045626965,4.419797253,4.033489554,4.102242779,4.985563401,4.992550328
895,5.184972231,7.352503458,3.99751478,4.060770641,4.553332621,5.12590962,4.410059031
896,4.886655149,6.283657899,3.369483419,3.322044875,3.441770435,4.637478981,6.224492073
897,4.20391963,5.582797649,4.310301789,4.041820881,2.967736071,5.836603648,5.294766397
898,5.564755568,4.862013658,3.473532065,3.09801777,6.299389937,7.598475666,4.726202448
899,4.810914956,4.878400039,4.029428162,3.044658623,6.164459565,6.102880158,6.677322907
900,4.838202529,6.167202083,4.748182991,3.572821662,4.521106459,4.9983486,5.122001463
901,5.631442533,6.547980742,4.033142021,3.725352696,3.602356987,5.147522037,4.711622935
902,3.159363008,4.975084575,3.739431903,3.562072235,2.874199872,5.756048202,5.999163556
903,5.373029934,4.748735436,3.408715453,3.235606406,3.852637261,6.680773327,6.622493989
904,4.170715422,4.165353942,3.885757509,3.57360679,7.137987799,4.077907662,4.098806938
905,3.714765931,3.550411531,3.294157785,3.482447219,7.447471512,5.603382006,8.339896902
906,5.229976935,3.947652983,3.704589381,3.606956952,5.748057695,4.905807646,3.889858222
907,3.827623095,4.604491311,3.509972655,3.64085502,4.575780017,6.682546291,3.47041568
908,4.433186614,4.235118992,4.18175707,3.026595199,5.570755294,3.600060574,4.970682616
909,4.90038019,3.56582006,3.513660106,2.873226283,2.982618798,6.157654107,4.393472581
910,3.885488167,4.145763894,3.949114763,2.945727906,5.609964409,8.238351343,4.241341101
911,3.693887185,5.290530698,4.410140805,3.985733046,4.647123102,6.925669905,6.737728699
912,5.457614964,4.926642818,4.058479232,3.584366798,6.087877437,7.154281028,5.08803343
913,5.907569329,5.629912927,3.486705134,3.270666688,5.919971944,4.560799753,5.182910144
914,4.520250392,6.286585686,4.650969489,3.705889691,2.863996017,6.76428318,6.131924987
915,6.149274913,3.69550393,3.497605322,3.292971852,3.327956431,5.235169871,5.818748661
916,5.695513456,3.543445417,5.107126723,3.283556835,4.179284357,3.990552918,4.634278997
917,4.140722546,5.257376033,3.315963351,3.650251608,7.538374616,7.071104079,5.310684785
918,5.591304314,5.964560753,3.778426502,3.579228264,4.459986794,4.236744817,5.623812913
919,4.605567625,3.609566575,4.071882955,2.914279914,4.661751929,7.316487538,4.247097532
920,5.407258135,3.675154074,5.017859231,3.553119057,3.727967078,4.237967592,3.790681279
921,6.483243672,7.075163899,3.263012247,3.72590062,3.480921019,6.803032872,5.32278737
922,4.65146013,6.70577036,4.92534242,3.667780817,4.108723525,6.193298457,6.116479145
923,5.320902921,6.96955724,4.808384571,3.354741575,3.989004602,4.340271313,3.857079719
924,4.82863681,3.425632484,4.350009288,2.842914219,2.923214504,3.838680128,6.151587622
925,5.571144718,4.318674989,3.34985486,3.820517851,2.730742115,5.86362816,6.201602367
926,5.002747865,4.443483135,4.56475603,3.605795337,3.404982223,3.957827482,4.299025276
927,5.297508986,6.823885628,3.29404152,3.618566934,3.537602991,4.914194091,5.626791532
928,5.183577609,4.678503024,3.665381302,2.906301558,6.292872351,5.379059417,8.505558733
929,5.112460283,3.883200242,3.392811417,3.536855107,6.925734186,8.514135143,6.023368367
930,5.426468832,6.382849841,3.585559955,3.301107155,5.388676111,6.067674898,5.025038728
931,5.95771348,3.540311624,3.493796596,3.637050792,3.720559526,7.002874903,5.419143005
932,4.949213899,6.512412439,4.806993148,3.191913773,3.529515683,4.028867895,6.670857675
933,6.003053417,5.864294204,4.65553202,3.188609335,3.04712806,3.937324355,4.006174835
934,4.264620441,5.919640112,4.363130132,3.837916748,4.432232296,7.094476974,8.502942124
935,5.516573818,5.197309099,4.723853165,3.710753843,4.092265443,7.158404164,3.686612345
936,5.525059022,4.685838406,3.77802486,3.786642266,6.570782434,5.809961342,5.136423991
937,4.393081314,6.193280993,3.547547031,3.300199942,3.295561417,4.8454285,7.058169306
938,5.640511869,5.350326652,3.697105473,3.877226292,2.988050197,4.03398583,6.933919783
939,6.226060087,3.757517212,4.238034273,3.307123481,3.401549174,4.183925768,5.438489555
940,4.841207426,5.023023379,3.997864582,3.442934115,3.66476656,4.031544267,4.191677861
941,5.829666608,5.706552275,4.937642943,3.427368773,3.350387892,6.389669313,3.927243085
942,5.742098416,4.395172301,3.49451827,2.95454907,4.053419081,4.418584278,3.948460744
943,5.548587996,6.027848157,3.568362964,3.394432662,4.158814652,4.237075257,3.797908404
944,5.991243288,5.135646078,4.157841715,3.225343423,5.892971536,4.194435849,5.849828064
945,4.943925481,4.68677399,3.498688754,3.514996513,4.117217935,6.110340003,6.787347843
946,5.776402515,4.45328082,3.532688945,3.905237141,2.880008696,5.938058194,3.713745752
947,6.093705704,4.09106372,3.632987136,3.653096256,3.952338346,5.360123718,3.680693837
948,4.372977764,3.841740971,4.055501488,3.619113337,2.629415898,6.293812221,6.54707715
949,3.470446058,5.135155264,3.898940467,3.724597942,5.179976723,6.323832731,4.480046221
950,5.815098405,4.351259531,3.798119152,3.275734026,3.592772914,6.43761189,5.612536818
951,5.168461494,3.725356827,3.292254746,2.828989332,5.589165094,3.929929614,3.817763877
952,4.486575065,5.182253432,3.385367151,3.439961562,4.478807673,4.351369946,5.364853578
953,6.250498439,4.670857427,4.271502459,2.986480204,3.12775297,6.352800383,3.717874926
954,2.987335134,5.620080091,3.936240787,2.855063709,6.750683328,7.973550567,7.714146916
955,4.593823721,3.585410825,4.838268488,2.710043803,4.618047238,7.557760879,4.524111814
956,4.057625707,3.525219978,3.903800589,2.917730221,5.44477835,3.902994763,3.750536767
957,6.13349107,5.597504112,4.795746883,3.849364582,2.79343959,4.129217096,4.563506538
958,3.1854294,3.940336607,3.402867647,3.533261459,4.909551538,6.795480806,4.161724772
959,4.905470026,3.942879713,3.285704017,3.201345996,3.384264095,4.864289038,4.702751047
960,5.834969213,4.488483868,3.579031739,3.747383702,5.74595433,7.641462296,3.942277567
961,4.898375653,5.845471666,3.265738079,3.385208374,3.305623038,4.268830431,3.837397125
962,5.425225559,4.241287207,3.270520162,3.406308215,2.44090581,4.953458745,6.51156265
963,3.818876668,3.995987541,4.158615818,3.391450541,3.074663058,6.039461765,7.786056114
964,5.036181545,6.112745629,4.16693364,3.364811126,5.413752329,3.95850224,4.321248451
965,5.723017627,4.941916885,3.75672254,3.603914261,7.201402844,3.929824852,3.524289839
966,3.603191975,5.607938263,3.832872832,3.499956326,3.47331147,6.160664175,4.238295352
967,3.647393835,4.126445166,3.432537756,2.839486511,4.911692418,4.308914608,3.640674268
968,3.756398821,4.539731274,3.42704554,2.733916137,2.986724545,3.541398901,6.302813467
969,4.423776282,4.921469676,3.839346627,3.784802736,3.553287954,5.595590223,4.803625772
970,5.807122871,4.128650655,4.15717585,3.109943553,4.347521053,4.468103158,5.241120286
971,5.310457224,5.177834399,3.284313897,4.053075131,3.294676731,4.939312706,5.101867983
972,6.777753917,3.685767163,3.729610689,3.047458406,6.160248849,5.877071006,6.49565694
973,6.240244895,4.538807926,3.308004077,3.438855463,4.716449937,6.42675594,4.275613956
974,4.435687792,4.860529006,4.412737336,3.80438722,2.641037163,6.084848764,6.899260051
975,5.652492044,3.946317183,3.561462144,3.671331798,4.502156903,3.740138776,7.279543556
976,6.452394219,3.842353951,3.981394165,3.787097577,5.730570835,5.407345271,6.833547894
977,3.51092796,7.915866722,4.386953239,3.513254019,3.332490363,6.876730116,3.642142138
978,5.583004036,3.56154014,3.861543382,3.81553092,2.932431158,4.783485584,3.547562851
979,4.530461226,5.237565629,4.678618892,4.006499584,3.711105101,4.8313526,4.458696353
980,4.804657032,4.645370744,3.715434405,2.779229852,4.476468154,6.247811568,3.434396763
981,5.069100984,3.872772598,4.00480787,2.920865459,3.960228089,5.608875436,6.870650699
982,3.945989295,6.614887447,4.472904684,3.154611966,2.914103063,5.447848478,4.303217512
983,3.811644197,5.151629184,3.962648708,3.730204865,4.511414021,4.524796144,7.940798173
984,4.25351642,5.051277887,4.357504427,3.285959244,2.806963194,4.064566519,6.739999416
985,4.416837601,6.430130572,3.998154886,3.827467463,2.79554822,5.408732876,7.322267731
986,5.335712962,4.111631319,3.657610831,3.562019265,3.594451423,6.795030869,5.052013593
987,4.771182375,6.202533992,3.787981372,2.864529023,2.685272902,7.382613887,5.250446364
988,4.750197742,5.974367825,3.940035205,3.88144195,6.970514368,4.29006608,7.347138875
989,5.462120406,4.325064532,3.395689743,3.762675946,4.051825921,5.323792434,5.459331063
990,6.614409281,3.728070164,3.422708436,3.415035436,5.581719425,5.001463318,5.215058741
991,3.718889291,5.633266355,3.329911666,3.129366081,6.266278838,3.661299435,5.661946921
992,3.52365444,3.453290917,4.018180149,3.434314722,5.229702669,7.910519815,6.810120212
993,4.325327096,5.133028064,3.480843002,3.077642697,4.21105459,5.283023524,5.222185725
994,4.728650877,4.508853498,3.698592319,3.740221897,2.402648627,4.664726886,5.064086182
995,4.658843115,5.762694534,3.340051852,3.019382549,2.389595767,4.166376612,7.291097277
996,4.157669573,6.509380061,4.1088596,3.163745221,6.24803163,6.002643021,5.135818866
997,4.868026681,4.523353733,4.45854519,3.847721049,6.320318951,7.54585392,3.520651369
998,6.417924139,5.325820324,3.890190786,3.855632744,4.223381403,4.778450222,6.195442782
999,5.750478389,5.098254395,3.715314295,3.119238833,3.71377056,6.047700548,5.457222517
