Iter,Jan,Feb,Mar,Apr,May,Jun,Jul,Aug,Sep,Oct,Nov,Dec
0,16.46,14.86,17.67,17.57,15.67,12.21,12.09,11.35,11.73,12.58,17.29,19.16
1,16.36,14.18,16.49,15.14,15.0,11.43,12.51,11.03,11.96,12.2,18.33,16.25
2,14.93,14.56,15.24,17.13,13.24,12.29,11.85,10.78,11.22,11.83,17.61,19.85
3,16.48,14.89,16.98,14.56,14.25,12.57,11.54,11.1,11.77,12.07,16.14,18.69
4,15.26,14.93,16.13,16.44,14.15,11.85,11.23,11.74,11.97,11.69,17.66,17.88
5,15.53,14.37,18.8,15.75,14.5,13.71,11.1,11.12,11.89,12.16,16.23,17.79
6,15.01,15.08,17.07,15.27,12.78,13.32,12.18,10.63,12.68,12.1,19.25,18.45
7,16.41,14.28,16.93,16.23,13.91,12.78,11.58,10.51,12.34,12.69,16.68,17.81
8,15.29,15.33,15.39,14.91,12.91,14.2,12.5,12.59,12.22,12.9,16.24,19.54
9,15.23,14.4,16.04,15.92,14.18,12.5,10.77,11.17,11.66,11.98,17.68,19.39
10,16.16,15.08,15.7,15.92,14.84,12.36,11.72,11.49,11.79,12.25,17.52,18.95
11,16.45,14.4,16.53,13.99,14.42,12.59,11.29,11.6,12.02,11.74,16.47,17.56
12,15.56,14.14,17.09,14.68,14.93,11.88,11.58,11.37,11.35,13.98,16.7,18.35
13,14.73,15.1,16.87,16.26,15.32,13.09,12.3,11.88,12.59,11.75,16.55,16.91
14,16.31,14.65,17.04,15.88,13.1,12.87,10.78,11.54,11.49,12.96,17.03,17.97
15,15.01,14.82,16.78,15.56,14.59,11.74,11.0,10.86,11.62,12.08,17.02,18.25
16,15.31,13.57,16.44,15.98,13.61,12.41,11.11,11.69,11.36,12.41,16.58,18.36
17,15.42,13.35,17.39,16.77,15.12,13.89,11.52,11.24,11.87,12.1,18.89,18.91
18,15.28,16.07,16.8,16.05,14.72,13.15,12.12,11.64,11.61,11.98,17.81,18.3
19,15.38,14.37,16.46,15.63,14.03,12.64,12.13,11.74,11.93,11.51,15.95,18.17
20,15.84,14.73,17.18,14.21,13.71,13.11,12.08,10.92,12.06,12.58,17.43,17.55
21,15.19,14.52,17.72,15.01,14.92,11.77,11.47,11.31,12.4,12.34,16.69,19.09
22,15.16,13.61,17.75,15.75,14.1,12.19,12.07,10.85,12.13,12.03,17.2,17.76
23,15.69,14.61,16.3,16.63,14.9,12.16,11.38,10.83,11.07,13.35,16.9,18.51
24,16.16,14.08,16.66,15.2,13.72,11.93,11.88,11.59,10.91,12.47,17.71,19.52
25,15.38,15.28,16.25,15.5,13.79,12.65,11.25,12.4,10.68,12.84,16.45,17.76
26,15.36,13.29,17.46,16.42,14.28,12.94,11.56,10.5,11.36,12.7,17.3,16.87
27,16.13,14.39,17.39,16.22,14.58,12.75,11.48,11.56,12.24,13.04,17.62,18.27
28,15.54,15.72,16.7,15.22,14.47,13.67,11.76,11.27,11.34,12.05,17.38,15.9
29,14.93,15.07,18.39,14.36,14.91,13.05,11.99,11.89,12.23,11.81,17.07,17.43
30,14.34,15.62,16.15,16.27,14.36,12.96,10.66,12.26,11.86,11.72,18.42,18.04
31,14.93,14.37,16.97,15.35,14.28,12.33,11.17,12.4,11.41,12.3,17.4,17.85
32,14.98,15.26,17.36,15.98,14.95,13.12,12.36,12.3,11.65,11.95,16.63,19.56
33,15.0,13.52,15.71,15.51,14.29,12.93,11.5,12.49,11.74,12.58,17.0,17.43
34,15.4,14.09,15.69,15.59,14.2,12.03,11.73,11.95,12.05,12.6,17.77,17.53
35,13.9,14.32,16.31,15.25,13.49,13.25,12.19,12.04,11.36,12.76,17.22,16.98
36,15.7,15.62,16.51,16.77,14.04,12.33,11.4,11.48,11.04,12.47,16.71,16.88
37,15.19,15.05,17.17,14.98,15.44,13.36,11.73,11.19,12.31,11.88,17.6,18.97
38,15.93,14.38,17.0,16.14,15.29,13.74,11.33,10.77,11.65,12.26,16.8,16.54
39,16.21,14.74,16.79,16.02,14.83,14.2,10.56,10.16,12.14,12.46,17.05,18.59
40,14.8,14.51,16.37,16.61,13.21,12.51,12.8,11.69,12.18,12.94,17.22,18.17
41,15.04,14.67,17.1,15.25,14.81,12.17,11.5,11.85,11.12,11.81,16.72,17.15
42,15.57,14.5,17.41,17.05,14.27,12.64,12.42,11.83,11.54,12.65,16.81,17.57
43,15.41,13.99,16.61,15.54,15.0,12.54,11.85,12.49,12.47,12.1,16.9,18.33
44,14.7,15.48,17.87,14.75,13.46,11.77,12.57,11.48,11.76,12.66,16.41,17.81
45,15.24,14.77,16.6,15.78,13.59,11.25,11.73,10.97,12.0,12.88,17.16,18.17
46,15.63,15.42,17.54,15.34,14.7,12.68,11.54,11.13,11.74,12.83,16.49,17.97
47,14.63,15.47,17.62,16.4,13.73,13.84,11.04,11.86,11.63,12.01,16.07,18.87
48,14.53,13.88,16.41,16.71,14.33,13.42,10.47,11.8,12.7,12.12,19.01,17.13
49,14.49,14.04,17.42,17.27,13.47,12.92,11.76,11.55,11.78,13.37,18.26,17.74
50,14.13,14.57,16.42,14.86,15.37,12.5,11.16,11.99,11.09,11.59,17.27,18.67
51,15.02,14.67,17.88,14.93,14.5,12.75,11.39,10.86,11.6,13.81,16.78,17.47
52,15.59,13.74,17.09,15.34,14.44,13.01,12.26,11.78,11.54,13.18,16.84,19.17
53,15.37,15.38,15.29,15.47,15.09,14.19,11.29,11.83,10.62,12.17,16.86,17.45
54,13.93,13.87,16.97,14.94,14.85,13.21,10.8,10.55,12.11,11.96,17.71,18.11
55,14.09,14.53,15.5,16.12,14.6,12.56,11.58,11.61,12.28,12.14,18.48,16.97
56,14.5,14.99,17.76,15.55,14.25,11.83,11.44,11.93,11.45,12.19,17.72,19.65
57,15.13,14.46,15.59,15.35,15.44,14.09,10.19,11.83,12.74,11.39,16.96,16.76
58,14.69,13.18,16.28,15.92,13.3,13.12,11.06,10.65,11.51,13.06,17.31,16.94
59,14.06,14.97,17.23,14.76,14.85,12.08,10.92,12.36,11.18,11.1,16.77,17.65
60,14.58,14.2,17.81,15.02,13.11,13.55,11.97,11.63,11.79,11.72,16.43,17.36
61,14.92,14.89,16.9,16.71,14.56,13.17,11.02,10.75,11.77,11.69,17.08,18.8
62,15.22,14.24,16.68,16.75,13.49,13.31,10.77,11.56,11.44,13.25,17.26,18.31
63,13.73,15.34,16.93,15.47,14.43,12.07,11.74,10.56,10.97,12.5,17.09,17.24
64,16.0,13.26,16.01,17.54,13.17,12.52,10.98,10.89,10.5,12.74,17.48,19.4
65,14.64,14.23,16.24,15.56,15.1,13.22,10.73,11.48,11.81,11.45,17.32,17.06
66,16.22,13.87,16.43,15.38,14.66,13.7,10.01,12.14,12.14,12.51,19.51,18.86
67,16.02,14.69,16.04,16.83,14.33,12.43,11.77,12.07,11.34,11.71,16.76,17.05
68,14.56,14.73,15.71,16.54,14.69,12.89,11.8,11.67,11.81,12.61,17.66,17.96
69,15.87,14.19,17.81,15.49,13.37,13.01,12.22,11.99,12.25,12.74,17.0,17.52
70,15.82,14.71,16.24,15.6,14.3,13.43,9.96,11.21,11.06,11.91,15.85,18.62
71,14.92,13.79,16.56,16.29,14.13,13.12,12.21,10.92,11.91,11.85,16.92,19.12
72,15.45,14.14,15.19,16.36,15.54,11.8,11.14,11.72,11.79,11.92,17.67,17.88
73,15.63,16.03,18.8,16.12,13.44,12.76,11.81,10.63,11.39,12.94,18.45,16.63
74,15.65,14.17,16.59,16.55,14.92,12.43,12.09,12.09,11.45,12.54,17.12,18.86
75,14.73,14.67,17.28,17.35,14.73,12.08,11.91,11.34,12.52,13.0,17.33,18.38
76,15.88,14.22,16.08,15.51,14.5,12.68,11.49,11.53,11.13,13.17,17.44,17.68
77,15.38,15.04,16.45,16.23,14.74,11.62,11.73,10.6,12.64,11.93,17.42,18.92
78,15.31,14.39,17.35,16.35,14.39,13.08,11.3,11.79,11.78,11.98,17.67,18.14
79,12.9,14.64,15.98,15.93,14.07,13.35,11.91,11.72,12.25,12.67,17.16,19.16
80,16.56,14.74,17.6,15.06,14.61,13.13,11.23,10.88,11.47,12.14,17.41,16.47
81,14.27,13.77,16.95,14.72,14.45,12.76,10.94,10.32,11.99,13.19,17.4,16.63
82,15.81,13.68,17.91,16.35,14.81,12.76,11.38,11.27,12.54,13.32,18.01,17.49
83,15.82,13.84,17.79,16.42,14.12,13.4,12.34,11.08,11.26,11.75,16.72,18.03
84,15.13,14.29,17.42,14.96,14.07,12.35,11.03,11.31,11.77,11.29,17.56,19.69
85,15.35,16.19,17.68,14.97,14.55,11.74,10.81,10.69,12.23,13.08,17.92,17.76
86,14.81,14.19,17.26,15.47,14.89,12.1,10.74,12.38,11.77,13.01,17.69,17.56
87,15.49,14.68,17.31,15.66,15.59,13.0,11.68,11.79,11.13,13.04,16.79,17.03
88,15.3,16.08,17.65,15.98,15.14,13.37,11.08,11.81,11.7,11.61,18.01,17.92
89,14.04,14.59,16.57,15.74,14.23,12.8,11.54,10.8,11.69,11.85,16.98,18.51
90,15.07,14.44,16.45,15.34,15.22,11.98,11.96,10.73,12.8,13.05,16.11,17.34
91,14.8,13.88,16.48,15.73,15.24,12.25,11.62,12.58,11.87,12.64,16.15,17.08
92,15.39,14.8,16.33,14.01,14.3,11.49,11.95,11.38,12.21,12.63,17.83,17.53
93,16.37,15.33,18.51,16.27,15.53,12.93,11.33,10.66,11.62,12.98,18.7,17.75
94,15.75,15.62,16.36,17.21,12.98,12.19,11.04,11.45,11.79,12.61,17.1,18.14
95,14.76,14.2,17.17,16.37,15.15,12.84,11.5,12.37,12.11,12.35,19.91,17.0
96,15.27,14.56,16.39,16.19,14.52,12.27,11.3,11.47,11.14,11.78,15.65,18.04
97,14.0,14.31,16.32,16.67,14.04,12.12,11.22,10.92,12.16,12.2,16.95,17.67
98,15.56,15.69,17.68,15.41,13.74,12.78,10.78,10.6,11.45,12.21,16.24,16.5
99,15.13,15.98,17.13,16.9,14.33,12.74,11.98,11.86,11.73,11.0,17.04,18.52
100,14.0,14.83,17.8,15.75,15.08,13.08,11.7,10.87,11.69,12.49,16.81,18.31
101,17.12,15.02,17.61,16.3,14.86,12.59,11.13,11.75,10.7,12.77,17.59,17.47
102,16.39,15.22,17.73,15.26,15.29,12.97,11.31,10.96,11.72,11.07,17.94,17.94
103,14.35,14.42,17.2,15.65,13.71,14.15,11.81,11.66,11.26,11.99,17.63,17.85
104,14.93,14.23,16.43,16.61,14.8,12.4,12.74,11.32,11.62,12.38,17.96,17.51
105,15.05,14.18,16.34,15.97,15.1,12.7,10.76,11.68,11.49,12.23,18.52,20.08
106,16.74,13.93,17.26,16.42,13.65,12.43,11.72,11.52,12.65,12.38,16.01,17.89
107,15.57,14.16,15.76,16.18,13.8,12.53,11.4,11.37,12.1,11.52,16.49,18.48
108,14.51,14.74,17.78,16.77,14.04,12.85,11.32,10.41,11.84,12.86,18.21,18.59
109,15.09,16.23,16.17,16.38,14.92,13.35,11.72,11.39,11.69,11.87,17.05,17.67
110,15.46,14.06,18.0,14.8,15.2,13.45,11.65,11.66,11.32,12.36,15.98,17.28
111,14.43,14.85,18.07,15.67,13.91,12.51,11.55,11.24,11.39,11.67,17.36,17.47
112,16.26,13.71,17.36,16.29,14.66,13.13,11.21,11.29,11.51,12.94,18.18,17.51
113,15.12,15.22,17.07,15.18,14.28,13.48,12.15,12.03,12.33,12.75,17.46,18.05
114,15.21,15.13,16.39,16.86,14.47,12.13,11.1,11.79,11.08,11.63,16.63,18.11
115,15.66,13.97,18.16,14.6,13.88,13.14,12.6,12.08,12.57,12.47,15.38,18.79
116,14.18,13.77,16.88,15.5,14.48,12.75,12.38,11.31,11.75,12.15,17.06,17.69
117,13.94,14.3,17.22,15.72,14.5,12.8,12.04,11.92,12.04,11.95,17.67,16.61
118,15.31,15.03,17.33,16.06,14.57,12.16,12.73,11.61,11.99,12.96,17.76,18.14
119,15.22,15.4,17.41,15.37,14.07,12.87,11.53,11.15,11.85,11.75,16.78,19.0
120,15.33,15.95,16.57,17.62,14.85,12.75,10.88,11.64,11.69,12.29,18.22,18.69
121,15.08,14.4,16.46,15.61,14.21,13.48,12.44,11.62,11.78,12.7,18.53,16.86
122,15.56,14.04,16.64,14.71,15.57,11.95,10.84,11.64,12.11,11.82,15.99,15.53
123,14.46,15.26,17.13,14.83,14.05,13.75,10.29,11.2,12.48,11.85,16.64,17.88
124,15.43,14.28,15.86,17.63,13.46,12.34,11.04,12.29,12.29,11.94,16.41,18.16
125,14.74,14.6,16.17,16.17,14.64,12.54,10.18,11.54,11.57,13.87,16.48,17.62
126,14.76,15.54,16.45,16.01,14.48,11.12,11.86,11.7,11.9,12.3,18.33,16.34
127,14.82,14.61,17.34,15.46,13.87,12.84,12.5,11.18,11.61,13.5,16.71,18.12
128,14.94,15.01,17.45,15.01,14.73,13.55,11.16,11.25,11.42,12.16,16.02,18.45
129,14.08,14.93,16.31,16.07,14.44,13.05,11.44,10.81,11.45,12.04,16.88,18.65
130,14.93,14.05,16.09,16.04,14.98,12.77,11.08,11.27,10.78,12.82,17.72,17.34
131,15.54,14.7,18.14,15.01,13.93,13.0,11.16,10.99,12.43,12.2,16.64,19.11
132,14.84,15.46,17.29,16.35,14.07,13.46,11.52,11.61,11.35,12.41,17.1,18.34
133,14.5,14.44,18.18,15.62,14.01,12.19,12.08,11.5,12.1,12.25,18.02,17.35
134,15.07,15.49,17.59,16.15,14.95,12.98,12.1,12.08,11.42,11.87,17.91,17.45
135,14.34,15.39,17.18,15.71,14.08,13.04,11.87,11.44,11.29,12.17,16.29,17.6
136,15.12,14.49,16.52,15.63,13.96,12.04,11.39,10.24,11.46,12.56,17.09,17.18
137,15.99,15.31,20.42,15.44,14.16,13.36,12.01,11.97,11.81,12.99,17.41,17.29
138,15.81,15.28,17.16,15.84,13.62,12.51,11.61,11.86,11.48,12.26,16.6,17.22
139,16.38,14.56,16.67,15.71,13.76,12.29,11.43,11.32,11.7,11.92,16.14,18.13
140,14.9,14.79,17.05,15.32,14.41,13.37,11.3,11.27,11.41,13.08,18.54,18.0
141,15.26,15.16,16.83,15.53,13.92,13.06,11.64,11.3,11.76,12.38,17.23,17.68
142,15.32,15.2,17.69,16.28,14.21,12.63,11.38,12.21,12.49,12.05,16.75,18.33
143,14.64,15.43,14.98,15.17,15.09,12.88,11.32,11.2,11.65,12.08,16.64,18.1
144,14.32,14.53,16.96,17.29,15.34,12.67,10.96,11.97,11.34,12.45,16.66,18.64
145,14.64,14.64,17.84,16.43,13.32,13.34,11.56,12.44,11.84,12.69,16.39,19.41
146,16.9,14.57,16.09,15.28,14.89,12.61,10.77,11.8,11.77,12.46,16.48,18.74
147,16.2,13.66,16.37,15.8,16.24,12.45,12.41,11.89,11.79,12.21,17.55,17.45
148,14.46,14.75,18.37,16.91,14.52,12.73,11.87,12.33,11.01,12.74,16.62,16.76
149,15.3,14.67,14.92,15.0,13.97,12.87,12.04,11.34,11.53,12.1,17.51,18.19
150,15.06,14.86,17.18,16.34,14.54,13.9,11.74,10.99,11.76,12.29,16.09,17.47
151,14.78,14.95,17.68,15.47,15.4,13.02,12.27,10.06,12.53,13.41,17.1,18.42
152,15.17,14.45,16.22,14.7,14.29,12.47,11.26,11.7,10.9,12.45,18.71,17.28
153,15.29,13.81,16.37,15.92,15.36,12.77,11.57,10.63,10.81,12.44,17.69,19.02
154,16.84,14.69,17.04,16.07,14.9,13.7,11.75,11.99,11.91,12.2,17.94,15.94
155,15.66,14.75,17.23,15.1,14.35,11.83,11.98,10.13,12.23,12.68,18.33,17.9
156,15.63,13.35,16.3,15.49,15.32,12.75,11.85,11.74,11.35,11.54,16.78,17.14
157,15.49,15.49,16.22,15.29,15.02,13.58,11.42,10.58,11.12,12.22,16.7,19.06
158,16.2,16.05,17.48,16.34,15.25,13.34,11.3,11.77,11.98,12.23,17.86,17.49
159,14.8,14.98,16.83,15.04,15.05,12.05,11.84,11.63,11.85,12.61,16.42,17.22
160,14.88,15.22,15.73,15.24,15.6,13.13,11.37,10.81,12.37,11.83,16.7,17.85
161,15.1,14.94,16.28,15.76,14.81,12.0,11.09,11.79,11.01,12.44,17.79,19.13
162,16.01,14.07,17.19,16.46,14.49,12.82,11.08,11.98,12.31,11.77,18.07,16.98
163,15.04,15.9,15.51,15.6,14.68,13.63,11.48,10.78,11.14,11.94,17.49,18.36
164,14.26,13.91,17.53,15.53,15.66,12.71,10.94,11.52,10.93,12.84,17.1,18.45
165,15.51,15.36,16.7,16.29,14.02,13.2,11.76,11.87,11.42,12.65,16.31,18.38
166,15.83,14.23,17.26,16.92,15.49,13.24,10.67,11.37,11.73,11.81,17.63,17.46
167,14.32,14.01,17.93,15.93,14.77,13.32,11.95,11.7,10.61,11.09,16.82,18.83
168,15.6,16.26,16.31,15.05,14.71,13.35,11.63,12.35,12.58,12.02,15.96,19.91
169,15.68,14.78,16.46,16.1,14.92,12.76,12.4,11.04,11.26,10.91,17.45,16.97
170,15.25,13.41,17.4,17.73,14.4,13.17,10.94,12.11,12.25,12.17,17.51,19.36
171,15.78,14.81,17.86,16.18,14.05,12.51,12.43,12.04,12.65,12.81,16.8,17.6
172,16.03,13.8,17.63,16.13,13.7,12.09,11.42,10.57,12.39,12.88,17.52,17.23
173,15.42,14.24,18.9,16.44,15.35,13.11,12.52,10.98,11.78,11.88,16.21,17.74
174,15.89,14.53,16.48,15.51,13.92,12.8,11.97,11.75,12.46,11.52,17.25,16.81
175,14.78,15.15,18.53,16.57,13.16,12.69,10.9,11.32,11.21,12.99,17.25,17.93
176,14.39,14.2,17.77,15.46,15.55,11.96,10.96,11.15,11.08,11.78,16.42,17.56
177,16.27,14.6,15.88,15.76,14.98,11.94,10.68,11.62,11.36,13.28,17.41,19.3
178,14.83,14.62,17.57,16.6,15.13,12.87,10.87,10.83,11.49,12.92,16.82,18.24
179,15.18,14.69,17.16,16.24,13.53,11.84,11.86,11.97,12.02,12.71,18.16,18.84
180,14.61,14.69,16.08,16.51,14.42,13.24,11.27,11.35,12.09,13.07,17.95,17.62
181,14.52,14.64,15.41,16.99,14.18,12.57,10.97,10.78,12.33,12.95,18.01,17.62
182,15.41,14.36,16.81,16.71,15.24,13.13,11.09,11.6,11.86,12.07,18.1,17.35
183,15.15,15.26,17.14,15.13,14.89,12.12,11.98,11.02,11.75,11.89,16.21,17.33
184,15.23,14.08,16.45,15.82,15.69,13.81,11.3,12.01,10.75,12.18,17.72,17.39
185,15.26,13.86,18.18,15.11,13.81,12.36,11.99,11.59,12.16,12.92,16.84,17.06
186,16.6,14.92,17.8,15.97,15.19,13.61,11.26,11.0,11.89,12.39,17.28,18.31
187,16.18,13.12,17.06,15.63,15.04,13.13,11.2,11.37,12.82,12.13,18.13,18.78
188,16.26,14.64,15.52,16.32,14.04,13.37,11.14,10.74,12.5,12.85,17.58,17.73
189,13.91,13.79,16.9,16.8,15.65,13.04,12.05,11.26,10.57,11.5,16.83,17.58
190,15.72,15.51,17.91,16.63,14.64,12.98,12.0,11.43,12.16,12.35,15.63,17.45
191,14.07,14.78,16.62,15.59,15.06,12.45,11.9,10.92,11.36,12.18,17.69,18.14
192,14.75,15.47,17.46,15.84,14.37,12.38,11.1,11.15,11.34,12.56,16.95,17.13
193,16.41,13.92,16.28,15.78,14.48,13.46,10.79,11.76,11.26,11.78,17.61,18.12
194,16.25,16.07,17.81,16.55,14.58,12.08,12.13,12.09,11.53,12.46,15.54,17.76
195,15.9,13.35,15.84,16.37,14.65,12.73,12.04,10.77,12.6,11.97,16.91,17.25
196,15.73,15.77,14.88,16.08,14.51,13.75,11.19,11.29,11.93,12.9,16.15,18.48
197,15.46,14.88,16.2,16.63,15.03,13.39,11.91,10.57,12.53,12.03,17.29,16.9
198,15.55,14.67,16.62,15.81,14.34,11.11,12.45,10.61,11.47,12.74,16.14,18.05
199,16.0,14.38,18.68,14.58,13.41,13.42,12.22,11.28,11.27,12.46,18.46,16.05
200,14.21,15.88,17.46,15.75,14.67,12.76,11.46,11.68,11.41,12.79,17.23,19.03
201,15.45,14.26,17.85,16.25,13.95,13.03,11.21,11.19,11.39,11.92,16.52,18.33
202,14.71,14.02,16.19,16.1,14.04,13.18,11.59,11.55,11.33,12.27,18.0,17.81
203,14.98,14.86,18.56,15.31,14.96,12.89,12.0,11.04,12.45,12.67,16.93,18.68
204,15.1,15.03,17.1,16.2,15.41,11.86,11.55,10.52,11.33,11.9,17.38,18.6
205,15.28,14.96,16.81,16.45,14.97,11.98,11.38,11.82,12.69,11.81,17.24,17.79
206,14.83,12.78,16.98,15.52,14.62,13.3,11.85,10.91,10.9,12.16,17.13,18.56
207,13.62,14.63,15.3,15.35,14.85,14.05,11.34,11.45,11.56,12.39,16.2,18.25
208,15.3,14.5,16.89,15.98,14.18,12.59,11.82,10.69,11.47,12.97,15.99,18.18
209,14.91,15.23,17.26,16.77,15.31,12.22,11.3,11.29,11.57,12.92,17.77,17.85
210,15.02,14.19,16.92,17.04,15.4,12.43,12.13,11.52,11.37,11.98,17.52,18.25
211,15.71,15.28,16.83,17.25,14.1,13.33,11.97,11.07,12.07,11.62,15.41,18.07
212,15.39,14.5,16.02,15.14,14.19,12.22,11.12,11.07,12.16,12.46,16.82,18.37
213,15.32,14.99,17.52,16.62,13.78,12.57,11.25,11.29,11.55,12.9,17.03,17.37
214,15.13,14.3,16.76,16.52,14.11,12.61,11.44,11.4,12.44,12.38,17.25,16.91
215,15.2,13.78,16.5,15.51,14.4,12.76,11.68,11.83,12.38,11.87,16.84,18.97
216,14.5,15.04,18.09,15.54,14.28,12.16,12.15,11.35,10.63,12.43,17.92,17.43
217,15.32,14.47,17.45,14.83,15.86,13.08,12.87,11.13,11.33,11.51,18.82,17.77
218,14.59,14.31,17.78,16.36,14.21,13.15,10.66,12.21,11.93,12.67,18.68,18.19
219,14.82,14.06,17.11,16.32,15.15,12.64,12.38,11.56,11.51,12.74,17.03,17.31
220,14.3,13.61,15.93,16.41,15.25,12.12,11.8,11.33,10.84,13.3,16.84,19.05
221,15.59,14.63,16.78,15.48,15.27,13.26,11.16,11.53,11.16,11.38,16.27,18.22
222,16.6,14.78,17.26,16.66,13.92,13.2,11.1,11.96,11.51,12.52,17.26,17.82
223,15.6,14.99,17.18,16.41,14.68,12.9,10.9,11.17,11.97,11.88,17.48,18.21
224,13.31,14.05,16.87,15.84,13.7,13.37,11.04,12.0,10.67,12.55,16.43,17.38
225,15.44,13.36,16.43,14.98,15.02,12.9,10.83,12.41,11.98,12.14,17.03,18.31
226,15.02,15.1,17.79,16.65,14.72,12.67,10.3,11.11,11.26,12.05,18.46,18.32
227,15.38,13.91,16.36,17.45,15.36,13.29,11.89,11.21,11.54,12.66,16.61,19.52
228,16.12,13.04,16.07,16.89,15.79,11.96,11.16,11.59,11.5,12.23,17.91,16.67
229,15.41,14.3,16.03,16.52,14.32,13.67,12.37,10.84,11.95,12.29,18.36,19.42
230,15.84,14.8,16.24,15.11,14.58,12.84,12.8,11.44,12.24,13.05,15.5,19.16
231,15.52,15.53,15.52,15.41,14.38,12.32,11.5,12.41,11.02,12.13,16.9,18.2
232,14.41,13.71,17.22,15.25,13.69,12.2,11.69,12.04,11.86,11.91,16.43,18.45
233,15.84,14.72,16.17,15.63,14.3,12.2,10.95,10.62,11.99,13.17,15.96,17.56
234,15.8,13.89,17.18,16.61,14.37,10.94,11.06,11.92,11.81,13.15,16.73,18.72
235,15.25,15.11,18.02,14.87,14.32,12.54,10.55,11.41,11.89,12.56,17.39,17.34
236,15.89,14.33,17.66,16.51,14.87,12.92,12.07,11.14,11.72,12.26,16.45,18.8
237,15.81,16.28,18.38,15.04,14.04,12.28,11.79,12.16,11.54,12.03,17.01,18.73
238,15.15,14.47,17.07,16.0,14.97,13.11,11.71,11.28,12.11,12.63,17.43,18.54
239,14.69,14.33,17.84,15.43,14.89,14.26,11.13,13.1,11.93,11.71,17.08,18.41
240,14.82,13.44,16.36,16.49,15.15,12.41,11.47,12.02,11.95,12.51,17.64,18.26
241,16.12,15.85,17.48,16.29,13.86,12.3,12.18,11.84,12.02,13.07,16.73,17.62
242,14.97,14.69,17.68,17.28,13.94,12.6,12.15,11.64,11.4,12.1,16.6,17.99
243,15.67,14.15,15.64,16.76,13.63,11.52,11.1,12.03,11.92,12.19,16.19,16.03
244,14.83,14.4,16.44,14.87,14.54,14.07,11.45,11.49,11.37,12.25,17.65,17.51
245,15.06,15.14,16.15,15.86,15.24,12.29,11.96,11.5,11.83,12.03,18.31,16.19
246,15.84,14.57,17.52,17.16,13.66,14.19,11.48,11.21,12.06,12.32,18.17,17.35
247,15.75,14.43,15.81,17.04,14.54,13.45,11.24,12.08,11.25,11.99,16.77,16.25
248,15.12,15.9,16.96,15.61,14.46,11.96,12.68,10.75,11.78,12.75,18.52,17.93
249,16.22,14.65,17.05,16.38,14.04,13.81,11.48,11.81,10.09,12.09,16.98,16.64
250,14.73,14.01,17.9,14.81,15.34,13.31,10.62,11.89,12.13,13.06,16.35,17.97
251,14.67,14.78,16.64,15.79,14.96,12.6,10.4,11.74,11.74,11.57,15.11,18.11
252,15.22,14.54,16.96,14.72,13.93,13.51,11.87,11.27,12.09,12.51,16.32,17.84
253,15.84,13.84,17.9,18.35,14.52,12.49,11.4,11.12,11.55,11.56,16.72,19.06
254,16.8,14.72,16.84,15.02,15.59,12.31,11.18,11.78,12.16,12.08,16.73,18.7
255,14.17,14.46,16.34,16.54,13.65,12.54,10.87,11.46,11.94,11.91,16.76,17.6
256,15.3,14.23,16.85,15.67,14.08,12.7,11.33,12.06,12.53,11.96,18.28,20.18
257,16.18,15.09,16.47,16.23,13.67,12.31,9.91,12.48,11.61,12.04,17.19,18.59
258,15.4,14.16,18.19,15.43,14.32,13.31,12.84,11.2,11.25,13.14,18.31,17.06
259,14.78,14.8,17.37,15.66,14.91,13.03,11.8,12.08,11.59,12.71,16.4,18.81
260,15.13,14.46,17.55,15.4,13.72,13.04,12.18,11.28,13.39,11.45,16.45,17.32
261,15.18,15.55,17.2,16.78,14.55,12.57,12.49,10.69,11.41,12.24,17.16,16.67
262,16.29,14.1,18.09,16.17,14.1,13.03,10.61,10.45,10.83,11.73,17.09,18.41
263,16.29,14.88,17.57,17.88,15.15,12.86,11.75,11.61,12.45,12.95,17.43,17.96
264,14.72,15.28,16.48,15.99,13.89,12.92,11.37,12.96,12.26,12.92,16.85,19.22
265,16.58,14.74,17.15,16.99,14.7,12.26,11.19,11.41,12.28,12.43,17.37,17.35
266,14.92,13.57,17.29,16.14,15.12,12.78,11.29,11.4,10.72,12.27,17.46,18.58
267,15.51,13.82,17.35,16.08,14.92,12.62,12.13,11.5,11.35,11.82,18.23,18.23
268,15.54,14.05,18.0,16.82,13.83,13.35,12.12,10.36,11.65,11.5,16.99,17.55
269,14.81,14.33,17.95,15.88,14.3,12.46,11.71,11.55,12.37,12.53,15.73,18.55
270,15.89,15.0,16.81,15.83,13.98,12.19,10.87,11.07,11.14,11.33,17.18,16.29
271,14.24,15.4,17.08,15.42,15.7,12.45,11.77,10.49,11.78,11.62,17.2,17.03
272,15.58,14.37,16.77,16.21,13.57,12.7,11.19,10.94,11.13,12.62,16.94,18.81
273,15.82,14.61,17.48,16.69,14.39,13.13,11.58,11.17,11.74,11.77,15.98,17.79
274,15.73,13.55,16.55,15.95,14.38,12.33,10.69,11.08,11.91,12.17,17.24,17.63
275,16.31,14.34,16.72,15.68,15.51,12.23,11.3,11.92,11.79,12.65,16.83,18.85
276,15.23,15.01,16.99,15.19,15.18,13.21,11.46,11.83,10.86,12.49,17.19,19.53
277,13.79,14.47,17.03,15.59,14.84,12.23,11.9,11.98,11.66,13.57,15.9,17.72
278,16.42,14.69,15.77,16.41,14.57,13.54,11.13,10.79,11.22,12.76,16.91,19.11
279,15.08,16.37,17.31,16.47,14.53,13.01,11.78,10.76,12.1,12.63,16.8,17.18
280,14.96,14.23,15.4,15.89,14.19,11.85,11.02,11.43,11.91,12.51,17.61,18.85
281,14.62,14.53,16.61,15.42,15.07,13.87,10.89,10.92,11.39,12.77,16.31,15.6
282,14.3,13.52,16.62,15.42,13.62,12.91,11.9,10.82,12.48,12.46,18.85,17.2
283,14.05,15.23,16.08,16.27,14.76,12.22,11.85,12.18,12.48,11.1,17.96,19.5
284,15.39,13.9,16.97,15.84,14.46,12.37,11.24,11.07,11.13,13.17,18.77,16.74
285,16.04,15.96,15.94,16.17,13.82,13.44,10.68,11.43,11.66,12.11,18.53,18.53
286,14.93,14.22,15.59,15.39,14.24,13.38,12.27,10.55,12.28,12.57,18.0,15.81
287,15.54,14.09,17.15,16.26,14.72,13.07,11.51,10.92,11.97,11.91,15.37,16.92
288,16.45,14.89,17.27,16.61,14.71,12.0,11.39,12.22,11.21,11.81,17.93,19.17
289,15.35,15.78,17.34,15.32,14.36,13.36,10.7,10.49,11.89,11.72,19.08,17.78
290,14.57,13.99,16.46,15.75,14.48,13.05,11.5,10.94,13.15,12.98,17.39,17.93
291,15.43,14.15,16.12,17.25,13.99,13.56,11.56,11.49,11.99,11.78,18.17,16.76
292,14.74,13.68,16.47,17.74,15.19,12.39,10.85,12.38,11.67,12.69,17.31,19.12
293,15.62,15.23,16.02,16.99,15.03,13.01,11.14,11.04,11.94,11.88,16.58,18.19
294,14.63,14.86,16.41,16.06,13.93,13.82,12.1,11.2,11.63,12.17,17.71,18.63
295,14.16,15.33,16.73,17.2,14.99,13.6,11.72,11.57,10.36,12.19,16.46,18.01
296,15.99,13.96,16.82,15.94,15.86,13.57,11.52,12.44,11.81,13.54,17.21,17.8
297,15.41,14.57,16.56,16.11,14.22,12.98,11.24,10.87,11.14,11.72,17.92,18.81
298,15.7,15.79,16.15,16.46,14.24,12.5,11.92,11.23,11.45,12.31,17.1,18.79
299,14.76,13.45,17.34,15.95,13.57,14.01,11.34,11.65,11.05,12.97,16.87,17.51
300,14.18,14.42,15.8,15.28,14.94,12.37,11.37,12.08,11.83,12.16,18.33,18.98
301,15.92,13.44,17.18,17.4,14.17,13.81,12.02,11.94,12.58,11.85,16.29,18.5
302,15.99,14.9,17.87,15.33,16.05,11.75,11.0,11.5,11.54,11.97,16.75,17.9
303,14.64,15.24,17.95,16.09,13.72,13.96,11.31,10.84,12.16,11.42,16.44,18.29
304,16.07,14.39,16.8,16.4,13.74,11.75,12.06,11.55,11.7,12.45,18.55,17.85
305,15.36,14.47,14.87,16.41,16.06,12.52,11.56,11.62,11.57,12.93,18.37,19.36
306,15.14,13.23,17.08,16.14,14.44,12.81,11.5,11.61,12.07,13.71,16.63,17.66
307,14.67,13.41,17.64,15.76,12.62,12.53,11.72,11.8,11.38,13.07,15.82,18.6
308,15.7,15.29,16.95,15.69,13.42,12.96,11.61,12.58,11.76,11.15,16.77,16.27
309,15.64,14.96,16.86,16.95,15.12,12.04,11.16,11.13,12.25,12.99,16.8,16.93
310,15.6,15.27,16.96,16.16,13.97,13.39,11.67,11.17,11.48,12.37,15.75,18.46
311,13.69,13.49,16.71,17.18,14.73,12.07,11.26,10.52,11.51,12.65,18.84,18.47
312,14.94,13.66,15.97,15.7,14.64,13.35,12.56,11.1,11.97,11.9,17.91,17.73
313,15.35,13.76,17.16,16.66,14.49,13.16,11.5,11.52,12.56,10.86,18.31,17.69
314,15.34,15.12,17.57,15.41,13.81,13.3,11.46,11.63,11.37,12.84,16.95,17.19
315,14.19,15.12,16.61,15.37,15.55,11.85,11.71,11.07,11.91,12.2,16.99,18.59
316,15.59,15.07,16.52,16.11,14.83,12.28,10.88,11.35,11.78,12.65,17.59,17.43
317,15.98,13.97,16.97,16.29,14.82,12.26,12.58,11.76,11.43,11.79,17.72,17.95
318,13.99,15.24,16.34,15.6,13.52,12.51,10.1,10.79,12.76,12.39,16.97,17.02
319,15.35,14.59,18.49,15.54,14.39,13.55,11.8,10.98,11.31,12.31,16.33,17.05
320,14.53,15.18,17.58,17.01,14.06,12.86,10.2,11.52,11.61,13.45,17.73,18.07
321,15.35,15.69,16.93,15.28,13.67,12.41,10.86,11.0,11.72,13.25,16.95,17.54
322,14.47,14.42,16.3,15.55,14.46,12.61,11.49,11.36,11.5,11.99,17.62,18.62
323,15.27,14.85,16.78,16.07,14.28,12.35,11.93,11.13,11.47,12.5,16.99,17.06
324,15.24,14.11,16.77,15.6,14.89,12.81,11.88,10.67,12.23,11.71,18.5,17.75
325,16.51,14.16,17.73,16.5,14.82,13.14,11.54,12.25,12.4,11.11,16.48,19.17
326,16.05,14.64,16.48,15.93,14.56,13.18,11.37,10.62,11.68,11.39,16.77,17.66
327,16.43,14.33,16.67,14.62,15.08,13.47,11.54,11.27,11.52,13.65,18.57,18.07
328,14.66,14.03,17.45,16.31,13.95,12.83,11.51,12.09,11.7,11.75,17.66,16.52
329,13.89,15.46,16.73,17.13,13.12,12.69,11.02,11.01,12.33,12.42,15.78,16.6
330,14.28,14.58,18.03,16.8,14.09,12.61,12.25,11.65,11.97,13.11,17.51,17.65
331,14.58,15.0,17.1,16.58,15.59,13.05,11.22,11.24,11.63,11.95,18.59,18.23
332,15.31,14.72,17.18,15.8,14.82,12.43,11.47,11.52,11.62,11.67,17.3,17.32
333,16.43,14.81,16.54,15.83,14.78,12.57,11.19,11.09,11.62,11.65,17.13,18.53
334,15.2,14.57,17.57,15.52,14.32,12.86,11.75,12.03,12.0,13.01,16.53,17.99
335,15.55,15.3,18.24,15.68,14.26,13.63,12.01,11.87,11.84,12.67,18.39,18.11
336,15.88,14.5,15.69,15.86,14.34,12.99,12.12,11.66,11.22,11.99,17.4,18.24
337,14.91,14.85,16.43,16.0,13.41,12.93,10.99,10.59,12.06,11.95,16.9,18.39
338,15.34,13.93,14.66,16.69,13.88,13.01,11.55,10.95,11.77,12.79,18.36,16.82
339,14.47,14.9,17.04,14.64,14.64,12.5,11.21,11.65,11.74,11.64,17.24,18.63
340,13.79,14.97,15.57,15.9,13.91,12.58,10.68,9.73,11.81,11.64,17.21,17.2
341,15.43,14.49,17.03,15.99,14.75,13.07,11.69,11.33,10.89,10.97,16.9,16.97
342,15.29,14.24,16.76,16.27,13.12,12.15,10.74,12.14,11.11,11.97,17.45,18.49
343,15.37,14.18,16.18,17.26,14.54,12.72,11.47,11.31,11.6,12.45,18.18,18.87
344,15.97,14.1,16.37,15.1,14.25,14.38,11.42,11.2,11.65,12.1,16.65,18.73
345,16.25,13.82,18.86,15.87,14.41,11.82,11.36,12.37,11.81,11.99,16.39,18.07
346,15.19,14.6,16.72,14.96,14.52,13.0,11.59,11.41,11.4,11.25,16.52,17.33
347,14.59,13.92,17.16,16.29,15.19,13.19,11.19,11.48,11.57,12.6,17.62,17.32
348,14.7,13.61,18.11,15.7,15.34,12.97,12.27,11.44,11.87,12.11,16.29,17.5
349,14.11,14.5,16.71,16.32,13.57,13.31,11.0,11.64,12.01,13.19,17.59,17.1
350,16.41,14.24,16.66,16.35,14.19,12.84,12.68,11.22,12.48,12.26,18.45,18.23
351,14.47,14.33,18.76,15.4,14.14,13.02,11.7,10.43,11.18,12.51,16.95,18.56
352,15.35,15.3,16.65,15.77,14.28,12.95,11.75,10.98,11.73,12.06,17.38,19.32
353,14.08,14.3,17.34,16.65,13.85,13.41,11.69,11.26,11.43,11.88,16.03,17.66
354,15.39,15.76,17.61,16.4,14.67,13.56,11.58,11.76,10.84,12.32,16.2,16.95
355,15.03,13.57,17.42,16.22,13.64,13.08,11.37,10.76,11.85,11.48,16.27,17.98
356,14.12,14.54,16.95,17.22,13.0,12.74,11.38,11.3,11.2,12.12,16.08,19.0
357,14.56,15.21,17.34,16.62,13.96,14.04,12.41,12.07,11.49,12.09,16.7,18.62
358,14.61,15.0,18.35,15.69,14.61,13.42,12.02,10.52,11.51,12.29,17.19,17.0
359,15.48,15.06,16.4,14.62,15.38,12.59,10.74,11.91,11.61,12.18,17.76,16.85
360,15.72,14.59,16.07,14.53,13.66,13.13,11.27,11.52,12.3,12.44,16.87,17.23
361,15.46,14.15,16.72,16.65,15.35,13.78,11.68,10.06,11.31,12.86,17.42,18.83
362,15.22,14.36,16.71,16.04,14.6,12.54,12.23,11.55,10.61,12.24,16.56,17.92
363,15.45,14.2,18.11,16.21,15.41,12.61,13.07,10.94,11.48,13.22,17.09,17.87
364,14.6,14.48,17.23,15.65,15.48,12.11,11.21,11.53,13.23,13.08,16.57,19.63
365,15.34,14.95,17.54,17.18,13.0,13.2,11.18,11.98,11.27,12.26,18.42,17.64
366,15.11,13.97,17.56,16.18,13.66,12.91,11.84,10.73,11.07,12.1,17.38,17.63
367,15.09,13.73,15.68,15.29,13.54,13.04,11.42,11.19,11.97,11.74,17.02,17.25
368,15.36,14.69,17.35,15.24,14.27,12.39,11.79,11.66,11.98,11.72,16.35,18.83
369,14.3,15.44,15.76,14.39,14.26,12.89,11.78,10.27,11.59,11.94,17.39,17.83
370,14.23,13.95,16.61,16.55,14.02,12.42,12.22,11.29,11.05,12.77,17.34,17.95
371,15.77,15.82,17.6,15.5,14.37,13.37,11.32,12.4,12.72,12.5,17.35,18.52
372,14.84,14.31,16.15,16.21,14.47,12.61,11.55,10.67,12.26,12.42,17.56,18.42
373,15.74,15.74,16.45,16.24,15.05,13.54,11.32,12.21,11.01,12.38,17.32,17.79
374,15.14,13.85,17.29,15.42,14.98,13.71,11.45,11.79,12.24,12.41,17.9,17.26
375,15.19,14.15,17.02,14.85,14.34,12.95,11.59,11.26,11.38,12.15,17.16,17.75
376,16.14,14.31,16.13,16.8,14.69,13.67,11.04,12.11,11.96,12.72,17.39,18.01
377,15.26,13.9,17.93,16.0,14.59,12.52,10.88,11.41,11.14,12.29,17.17,17.83
378,14.82,14.68,16.53,15.85,14.94,13.24,11.87,11.31,12.13,13.0,16.69,18.77
379,14.9,14.87,18.0,17.27,15.71,12.81,12.28,11.39,12.13,12.62,17.76,19.95
380,15.65,14.19,17.23,16.48,15.33,11.75,11.97,11.12,11.53,10.95,15.66,17.81
381,14.23,15.98,17.09,14.68,13.72,11.87,10.98,11.89,12.75,12.78,17.17,17.41
382,14.68,15.37,16.67,17.0,15.21,12.29,12.44,11.64,11.58,12.34,17.19,16.95
383,14.25,14.4,17.83,15.04,13.39,13.66,11.66,11.13,12.49,12.65,17.74,19.8
384,14.74,15.22,17.62,16.49,13.24,12.52,12.11,11.35,11.17,11.97,17.5,19.48
385,15.08,14.59,17.01,16.55,14.84,12.26,11.65,11.28,11.6,12.53,17.35,17.34
386,14.94,15.69,17.16,16.0,13.81,12.65,11.5,11.2,11.3,12.87,18.71,18.77
387,14.29,14.88,16.94,15.43,15.1,12.68,12.03,10.39,12.28,12.41,18.46,17.96
388,15.26,13.18,15.87,16.43,14.01,13.8,11.09,11.4,11.05,12.67,17.19,18.47
389,15.45,14.49,17.46,14.81,15.37,12.89,11.34,11.04,12.33,12.37,16.5,18.03
390,15.33,15.21,16.87,16.26,15.09,12.89,11.69,11.39,12.07,12.1,17.45,19.13
391,16.18,13.86,15.82,15.85,15.94,13.37,11.57,11.95,11.19,13.0,17.63,17.43
392,15.68,14.46,17.95,16.91,14.01,13.04,10.81,11.68,11.4,12.25,16.25,18.81
393,14.97,14.39,17.39,16.7,14.49,12.91,11.83,10.97,10.56,11.3,16.36,18.34
394,17.44,15.23,17.09,15.48,14.63,13.31,11.51,11.55,12.37,12.47,17.57,19.49
395,14.27,14.55,15.41,16.8,14.03,11.85,12.6,11.84,11.61,12.21,16.15,16.93
396,14.58,13.57,16.47,16.56,14.45,12.61,12.05,11.99,11.8,11.59,16.21,18.32
397,14.96,14.4,17.65,15.06,14.9,12.83,12.3,11.4,11.95,11.6,16.42,17.73
398,13.96,14.07,16.52,16.94,14.59,14.15,11.8,10.6,12.34,11.66,16.37,17.92
399,16.27,13.87,16.7,16.64,14.69,12.97,12.09,10.91,12.13,12.96,17.64,17.86
400,14.43,15.06,16.57,16.47,14.11,13.59,11.65,12.03,10.52,12.45,16.93,17.71
401,14.61,15.43,16.21,15.99,13.83,13.22,12.47,11.23,11.82,11.87,17.05,19.55
402,15.2,14.16,17.39,15.71,13.48,10.42,11.84,11.34,12.21,11.87,17.99,17.3
403,15.45,13.75,15.57,16.83,14.76,11.71,11.29,12.32,11.42,12.31,16.25,17.32
404,14.4,15.49,16.66,16.34,14.29,12.77,12.24,11.41,11.42,13.03,18.24,17.27
405,14.48,15.24,16.44,15.33,13.91,13.18,12.17,12.2,11.55,12.4,15.97,17.39
406,15.28,15.15,17.85,15.62,14.68,12.55,11.95,12.49,11.93,12.98,17.58,18.15
407,15.23,15.39,17.14,14.85,14.25,12.94,11.44,10.46,11.71,11.7,16.51,17.79
408,16.12,14.58,16.9,16.17,13.41,12.41,11.57,11.31,11.39,12.65,16.4,19.77
409,15.42,14.46,16.44,15.37,14.36,12.03,11.01,12.03,11.95,12.53,16.82,18.63
410,15.44,15.14,17.64,15.9,14.44,13.5,11.75,10.99,11.08,12.23,17.54,18.56
411,15.48,15.31,16.21,15.3,14.54,13.36,11.21,12.26,11.91,12.5,16.57,18.14
412,15.28,14.29,16.86,14.97,13.75,13.18,11.48,12.77,10.5,11.8,17.71,18.61
413,14.42,15.65,17.02,15.38,15.51,12.73,11.81,11.5,11.54,12.26,16.54,16.47
414,15.28,14.33,17.1,16.26,14.49,13.23,11.21,11.12,11.74,11.49,16.45,18.18
415,14.95,14.14,17.25,16.56,13.48,12.99,11.56,11.48,12.13,12.02,17.72,17.63
416,14.27,14.15,16.21,15.52,14.92,12.56,11.94,11.14,11.44,11.81,16.55,17.91
417,15.28,13.98,16.65,14.96,13.69,12.42,11.85,10.12,11.45,12.84,18.03,18.07
418,14.49,14.15,16.88,16.04,14.07,12.78,10.71,12.36,11.58,12.85,17.0,17.0
419,15.83,14.22,17.61,15.71,13.53,12.26,11.52,11.34,11.21,11.75,16.58,18.47
420,14.89,13.32,16.5,15.7,14.65,13.33,11.28,11.33,12.5,13.3,16.57,17.32
421,15.93,15.0,16.73,15.8,15.23,12.29,11.04,11.3,12.2,11.81,16.18,18.68
422,14.74,13.7,17.34,15.36,14.47,13.08,11.77,11.74,12.16,13.0,16.76,18.05
423,15.42,13.19,16.94,16.5,13.66,13.85,11.84,10.67,12.35,12.04,16.88,20.14
424,15.12,15.49,17.0,14.69,14.1,13.71,11.64,10.86,11.05,11.32,17.15,17.12
425,14.66,15.2,16.56,16.78,15.4,13.09,13.05,11.04,11.51,11.95,17.06,18.6
426,15.06,15.27,15.36,17.18,15.22,13.43,11.07,11.04,11.63,12.51,17.08,18.57
427,15.24,15.01,16.85,15.88,14.61,13.5,11.43,11.2,11.43,12.17,16.28,17.58
428,15.36,14.71,15.8,14.38,14.65,12.84,11.39,11.34,10.41,12.23,17.62,17.57
429,14.23,13.81,17.36,16.48,14.19,12.32,11.65,12.25,11.81,12.64,17.4,17.38
430,15.56,14.02,16.32,15.53,15.1,11.91,12.71,11.32,12.1,12.14,17.33,18.87
431,15.2,15.14,17.21,15.51,14.51,12.55,11.44,10.43,12.68,12.23,18.43,17.49
432,15.36,14.62,16.61,16.27,14.83,11.76,11.41,11.59,11.67,12.3,17.18,18.23
433,14.65,14.57,16.03,15.91,13.79,12.9,10.92,11.8,11.73,11.99,17.66,18.4
434,14.27,13.88,17.91,15.65,13.77,13.68,11.74,11.76,12.58,12.26,17.03,17.25
435,14.61,14.24,16.86,16.9,14.46,12.81,11.68,11.89,11.74,13.36,16.48,18.23
436,15.77,14.04,16.33,15.69,14.97,11.43,10.9,11.81,10.98,12.94,17.13,18.02
437,13.6,15.2,17.32,16.62,15.11,12.22,10.77,12.11,10.67,12.52,16.42,19.46
438,14.95,14.9,18.28,14.7,15.89,12.25,10.65,11.37,12.12,12.57,18.32,17.64
439,16.02,14.8,16.19,16.56,14.95,11.62,12.69,11.55,11.94,13.36,16.61,18.76
440,15.0,15.33,18.09,16.94,14.23,12.59,10.81,11.05,11.03,12.84,15.94,18.72
441,15.17,14.84,17.22,16.2,13.71,12.36,11.47,10.98,11.58,13.24,18.06,17.95
442,14.34,14.3,17.5,15.49,14.23,13.59,11.41,11.7,11.76,11.52,17.86,18.46
443,15.53,14.73,16.99,15.43,13.44,13.13,11.08,11.72,11.27,11.3,17.17,18.59
444,15.48,14.85,17.98,16.79,13.81,12.11,11.29,11.14,11.9,12.47,18.18,17.29
445,14.83,14.72,17.51,17.31,14.29,14.18,11.91,11.89,11.42,12.21,16.19,17.22
446,14.9,15.57,17.52,15.55,15.16,14.68,11.71,10.79,11.52,13.72,17.37,18.15
447,14.69,13.43,15.56,16.09,13.7,13.08,10.57,11.52,13.03,12.77,19.02,17.39
448,16.13,14.81,17.39,16.78,15.61,12.15,11.43,11.21,12.33,12.24,17.36,19.01
449,16.27,16.2,16.77,16.92,14.81,13.35,12.29,10.51,11.48,12.92,16.79,18.1
450,15.64,15.43,17.38,16.44,15.24,12.31,11.81,10.84,11.69,12.69,15.84,18.21
451,15.71,15.37,15.63,16.12,13.26,12.42,11.71,11.91,11.67,12.76,16.47,18.62
452,15.1,15.24,16.81,15.36,14.4,12.48,11.86,10.71,11.91,12.99,16.46,17.3
453,15.26,15.23,15.87,15.97,14.45,13.37,11.48,11.34,12.07,12.56,17.62,17.5
454,16.07,15.18,16.35,16.74,15.02,13.11,11.89,11.95,11.12,13.2,17.49,17.85
455,13.98,13.86,17.5,14.64,14.34,12.37,12.74,11.75,12.35,12.3,19.35,18.72
456,14.76,14.26,17.39,16.35,15.33,13.74,11.74,11.67,11.6,12.17,15.58,17.02
457,14.84,13.93,17.02,15.13,14.12,12.95,11.35,11.56,11.86,12.14,17.55,18.47
458,14.96,14.22,16.45,17.11,15.52,12.47,11.69,12.13,11.92,11.29,16.25,17.47
459,15.76,13.13,17.23,16.48,14.18,12.93,12.03,12.33,11.93,13.38,15.87,18.91
460,15.47,14.95,16.59,15.2,14.42,12.13,11.73,11.47,11.24,12.49,16.46,18.33
461,15.49,14.51,16.93,14.59,14.01,12.45,11.46,11.19,11.23,12.38,17.41,18.1
462,15.7,14.56,18.12,16.78,14.0,12.46,11.41,10.84,12.7,12.47,18.54,18.52
463,15.53,14.86,17.96,15.73,14.48,12.46,11.36,11.89,11.82,12.1,16.17,17.15
464,14.55,15.48,16.34,16.07,14.6,11.99,11.84,11.04,11.17,12.0,17.73,16.85
465,15.51,15.03,16.76,15.34,13.89,12.36,11.14,11.63,12.44,11.35,17.47,18.55
466,14.11,13.29,17.08,15.97,15.08,13.26,11.29,11.31,12.86,11.77,17.23,17.4
467,15.41,14.7,17.7,14.72,13.72,13.5,11.35,11.02,11.67,12.97,15.89,15.69
468,15.3,13.96,16.71,16.12,14.96,12.3,10.92,11.18,10.98,13.36,15.87,16.12
469,14.84,14.76,15.1,16.56,14.28,12.58,10.96,11.87,12.87,12.12,15.58,16.63
470,15.26,14.46,18.47,15.73,14.19,14.66,11.01,11.9,11.48,12.06,17.02,19.34
471,14.0,15.19,16.67,15.97,14.75,13.23,11.6,11.88,12.15,12.62,16.06,16.76
472,16.0,14.93,18.63,15.39,14.26,12.49,11.17,11.06,11.65,12.59,17.06,18.04
473,15.28,14.2,15.32,16.63,14.69,12.55,11.46,11.43,11.17,12.55,17.32,17.85
474,15.96,14.15,17.78,15.41,14.32,13.12,11.32,12.08,10.81,12.82,18.02,18.15
475,13.72,14.61,17.2,15.89,14.88,12.23,11.02,11.11,11.93,11.92,18.06,17.87
476,14.47,15.48,16.4,14.57,14.47,12.24,11.63,12.4,11.31,13.46,18.44,17.97
477,15.33,13.61,16.01,14.19,13.79,13.04,11.69,12.21,11.13,13.55,17.54,16.71
478,15.28,12.52,17.44,15.06,14.03,12.49,11.35,11.37,11.28,12.86,15.26,17.28
479,13.83,15.74,16.03,15.59,12.97,12.97,11.8,10.88,11.03,12.81,16.87,17.54
480,14.96,14.81,16.34,17.08,15.55,12.72,11.59,11.46,11.78,11.99,16.11,18.56
481,14.64,14.64,16.62,14.31,15.17,13.39,11.52,12.53,11.91,12.23,17.31,18.69
482,15.84,15.17,16.95,15.17,15.39,12.78,11.93,12.35,12.78,13.07,14.85,18.36
483,16.04,15.02,16.97,16.09,13.97,12.35,11.41,11.42,12.0,12.02,17.04,19.61
484,16.41,14.71,17.63,15.79,14.32,13.38,11.48,12.57,11.26,11.86,17.25,20.13
485,15.04,14.79,15.96,16.09,15.38,13.12,11.6,11.23,13.97,12.27,16.67,18.74
486,15.11,14.61,18.69,15.82,15.48,12.44,11.68,10.65,12.88,11.9,18.2,16.53
487,14.33,14.1,17.48,16.69,15.88,12.91,11.71,11.58,12.04,12.18,17.18,17.91
488,16.75,13.18,16.01,16.33,14.67,12.6,12.09,10.65,11.19,13.31,15.89,18.17
489,16.24,14.52,17.12,17.27,13.56,10.58,12.14,11.31,12.01,12.88,17.44,19.53
490,14.48,14.81,16.92,15.28,14.57,12.83,11.4,11.8,11.62,12.52,17.76,19.08
491,15.73,14.43,16.29,15.88,12.77,13.0,11.62,11.02,11.29,12.02,17.19,18.97
492,16.67,14.15,18.37,16.37,15.35,13.34,10.98,10.9,11.43,12.01,17.35,17.61
493,14.4,15.55,17.02,16.16,14.51,13.79,11.6,11.66,11.67,12.94,16.97,18.47
494,14.48,15.23,16.97,17.02,14.83,12.89,11.59,11.69,11.52,12.24,17.3,18.31
495,15.31,15.71,18.47,16.42,14.44,13.11,11.79,11.73,12.43,12.81,16.04,18.46
496,15.15,14.0,17.39,16.89,14.51,13.59,11.97,12.76,12.26,12.77,15.85,18.78
497,15.35,14.81,16.91,14.77,14.37,13.22,11.26,11.7,12.89,11.48,16.87,16.41
498,16.45,15.19,17.42,15.98,13.78,12.01,12.3,10.19,12.54,12.54,16.64,17.66
499,15.32,14.88,17.91,15.55,13.75,12.97,12.26,11.86,11.81,11.65,15.58,17.99
500,14.96,14.71,17.44,17.34,14.3,12.33,10.47,11.41,11.13,11.53,17.04,18.91
501,15.27,13.61,17.47,16.82,13.15,12.51,11.93,11.16,12.51,13.09,16.57,19.43
502,15.23,14.0,18.23,16.4,14.23,12.82,11.15,11.29,12.4,12.94,19.01,17.96
503,15.2,14.33,17.93,16.28,15.27,13.32,12.49,11.62,11.48,13.17,17.55,17.53
504,14.84,15.3,16.5,15.58,16.28,13.55,11.78,12.14,11.65,12.65,18.46,17.62
505,14.9,15.12,16.39,15.49,13.78,12.58,11.79,12.19,11.94,11.64,16.8,16.26
506,14.92,15.81,16.38,15.95,15.74,13.82,11.32,11.09,12.43,10.39,15.77,18.22
507,14.91,15.92,15.8,15.37,14.55,12.1,11.19,10.83,12.75,12.45,18.02,17.33
508,15.73,14.38,15.95,15.68,14.68,12.64,10.47,12.23,12.19,12.8,16.38,16.36
509,14.66,15.15,16.22,17.01,14.91,13.67,11.15,11.63,11.4,12.17,17.29,17.41
510,14.73,14.66,16.96,15.63,14.84,12.81,10.58,11.29,11.64,12.44,16.55,18.16
511,15.8,14.19,17.51,15.15,15.57,13.08,11.44,11.1,11.81,12.42,17.02,18.75
512,15.09,14.42,15.68,14.97,14.26,12.43,12.93,10.76,12.25,11.94,17.81,18.15
513,14.72,14.79,16.17,16.21,12.92,13.16,11.7,12.05,12.29,12.54,19.05,17.61
514,15.62,14.58,16.86,16.92,14.4,12.04,11.43,11.18,11.19,12.72,17.96,19.78
515,17.44,14.3,17.69,16.41,14.29,13.62,12.46,11.02,11.17,12.6,16.26,18.05
516,15.64,15.19,17.03,15.23,14.77,13.04,10.84,11.53,12.01,12.14,18.29,17.47
517,15.05,14.56,15.64,15.94,13.44,12.29,11.12,10.54,11.61,12.63,17.06,17.23
518,15.8,14.67,17.37,15.82,13.77,12.54,11.17,11.5,11.56,12.29,18.36,16.52
519,16.3,15.33,17.09,15.13,14.48,13.04,11.26,11.02,12.26,12.42,17.47,19.12
520,14.24,14.41,16.88,15.71,13.56,13.42,11.49,11.13,11.46,12.0,16.65,17.89
521,15.64,15.75,15.28,15.04,14.07,12.98,12.49,11.08,11.6,12.32,15.54,18.63
522,15.5,14.44,17.2,14.21,14.73,11.41,12.13,11.91,11.82,11.88,16.27,17.57
523,15.86,14.44,17.37,15.94,14.06,12.44,11.69,10.38,12.66,13.4,17.85,17.28
524,14.22,15.66,18.35,17.32,15.63,12.46,11.2,11.64,10.91,12.69,17.09,17.99
525,14.76,15.52,16.37,16.83,14.13,13.1,12.43,11.69,12.4,12.24,18.39,18.18
526,15.21,14.05,16.95,15.52,14.29,12.44,10.86,11.44,11.95,13.13,17.78,19.09
527,15.6,15.2,16.9,15.86,14.31,12.93,11.34,11.13,11.89,12.71,15.63,17.85
528,14.56,14.08,15.64,16.29,14.68,12.42,10.82,11.17,11.24,12.86,17.74,19.07
529,15.66,14.24,17.01,16.31,13.81,12.66,11.09,11.39,12.7,11.95,16.95,17.51
530,15.05,15.49,17.93,15.39,15.53,14.39,11.72,11.65,11.87,12.32,17.2,17.93
531,14.49,15.51,17.02,16.26,13.11,13.78,13.02,11.77,11.69,13.01,15.75,18.55
532,16.32,14.18,16.13,16.32,13.46,12.12,12.1,11.04,12.24,11.86,16.53,18.55
533,15.4,15.2,17.86,15.75,13.99,11.62,11.36,11.2,12.22,12.45,18.04,18.24
534,15.63,14.79,17.4,15.81,15.31,11.67,10.67,11.48,12.19,13.12,16.99,18.77
535,16.15,14.1,17.28,15.23,13.97,13.9,11.44,10.31,11.87,13.11,16.17,18.13
536,15.24,14.53,15.87,15.51,13.14,12.43,10.87,11.23,11.8,12.85,17.67,18.0
537,15.19,12.91,16.13,16.39,14.11,12.49,11.05,11.45,11.53,13.17,17.45,18.02
538,15.63,14.92,17.46,16.07,14.1,13.73,11.76,11.36,12.45,12.87,16.37,19.62
539,15.21,13.9,17.65,15.4,14.97,12.11,10.88,11.74,11.96,12.49,17.43,17.72
540,15.26,15.82,17.35,15.27,14.05,13.29,11.19,12.96,12.2,11.93,18.0,16.71
541,15.79,14.62,16.99,16.22,13.63,13.55,10.45,11.78,12.36,12.41,17.38,17.15
542,15.38,14.33,17.98,15.96,13.41,13.14,11.76,11.5,11.35,13.24,15.54,16.77
543,14.86,14.28,17.01,15.73,13.89,13.29,12.0,11.43,11.51,11.77,17.11,18.35
544,14.43,14.4,15.98,15.72,13.45,12.42,12.01,10.74,10.84,12.56,17.25,18.52
545,14.31,14.35,16.31,16.88,14.64,13.18,12.07,11.69,11.51,14.02,17.09,18.4
546,15.18,14.87,17.72,15.92,16.22,12.77,11.56,11.94,11.71,11.68,16.7,17.85
547,14.94,15.0,17.13,14.52,15.16,12.53,11.11,11.17,11.11,12.11,17.56,17.92
548,14.0,14.32,16.84,17.65,14.99,11.69,11.13,11.51,11.2,11.61,16.86,18.48
549,15.13,14.35,16.88,16.53,14.74,13.03,11.27,11.22,11.96,12.67,17.82,17.7
550,16.14,14.15,16.63,15.7,14.15,12.84,11.46,11.02,11.69,13.27,17.56,17.55
551,14.95,14.68,18.08,16.11,14.76,13.49,11.97,11.02,11.99,12.96,17.89,18.11
552,15.12,14.2,17.95,15.7,14.2,11.99,11.36,12.69,11.91,12.79,17.25,18.5
553,15.02,14.91,17.75,16.67,13.99,13.82,12.19,11.03,11.94,12.98,17.57,16.51
554,16.5,14.19,16.86,15.46,13.51,13.22,11.49,11.36,11.94,11.5,17.48,18.48
555,15.33,14.83,16.06,16.11,14.33,13.04,11.13,12.57,11.97,12.13,17.65,19.65
556,14.85,15.11,17.07,17.03,14.2,12.02,11.38,11.23,12.29,12.31,17.38,17.68
557,15.41,14.98,18.26,15.4,14.66,13.46,11.98,11.36,11.8,13.11,17.39,17.06
558,15.05,13.95,16.44,16.46,15.34,12.34,11.63,11.34,11.53,11.45,16.19,16.74
559,13.76,15.44,16.1,15.32,14.71,12.31,11.21,11.51,11.32,12.31,18.45,17.8
560,14.89,14.95,16.61,14.92,14.21,12.67,11.88,11.4,11.02,13.01,17.19,19.13
561,15.03,14.15,16.37,15.88,14.7,13.24,9.9,11.44,12.34,12.72,17.84,18.17
562,14.36,14.48,16.7,15.67,15.61,12.57,12.27,10.53,12.26,11.83,18.4,17.16
563,14.99,14.79,16.04,15.49,15.39,14.1,10.71,12.57,10.93,13.04,19.09,18.08
564,14.68,13.49,17.15,15.36,14.04,12.36,11.93,10.71,12.39,13.04,17.16,16.89
565,14.49,15.34,16.55,16.23,14.35,11.98,11.4,11.11,12.64,13.02,16.35,15.86
566,15.06,14.64,17.33,16.01,13.21,12.86,12.62,10.39,12.02,13.21,17.36,16.62
567,15.37,14.53,16.84,16.12,14.68,13.18,11.85,12.44,12.18,12.42,17.98,19.79
568,15.91,14.18,18.41,15.51,14.0,13.26,12.32,11.1,10.64,12.82,16.6,17.14
569,14.96,15.02,15.45,15.97,14.46,13.14,11.03,12.05,11.66,12.67,17.5,18.75
570,15.92,14.51,17.34,17.19,14.23,13.14,12.49,11.3,11.74,11.61,17.1,18.2
571,14.85,14.06,17.14,16.34,14.47,12.39,11.48,11.51,10.37,12.53,17.29,17.82
572,13.13,15.13,17.07,16.39,13.72,11.57,11.92,11.18,11.57,11.82,17.07,16.29
573,16.13,14.51,16.6,15.86,13.75,12.9,12.21,11.34,12.65,12.47,17.9,17.9
574,16.02,14.72,16.81,15.93,13.29,12.43,12.07,12.15,11.58,11.62,16.7,20.24
575,14.29,15.2,18.16,15.83,12.94,12.43,11.17,12.25,11.85,12.94,18.09,16.56
576,15.72,14.75,17.02,16.1,14.14,12.53,11.77,10.85,11.06,11.56,16.1,19.9
577,15.52,14.73,18.51,14.86,13.93,12.15,11.62,11.93,13.08,11.64,15.39,17.88
578,14.97,15.0,16.34,16.77,14.19,13.59,11.96,12.48,11.77,11.8,16.73,18.53
579,15.79,14.48,16.23,15.64,15.24,11.78,11.38,11.2,12.21,12.22,17.07,17.09
580,15.02,15.64,17.1,15.6,15.62,12.93,12.6,11.66,10.63,11.43,14.26,19.61
581,15.56,15.62,17.61,14.9,14.31,12.26,11.09,11.25,11.18,11.87,17.48,17.54
582,15.27,15.94,18.28,16.27,13.86,12.04,11.26,11.99,11.44,13.38,17.8,18.82
583,15.7,13.85,17.26,17.25,15.12,12.38,11.7,11.2,12.25,12.46,16.08,18.05
584,14.64,14.38,16.48,15.19,14.89,12.27,12.57,10.82,10.79,12.5,17.22,17.81
585,15.89,13.73,17.02,16.52,14.65,12.08,11.32,11.65,11.6,11.99,17.64,17.6
586,15.63,13.97,16.9,14.87,14.21,12.09,11.16,11.24,12.75,12.81,17.76,18.77
587,16.05,14.49,18.53,16.23,13.37,12.62,11.57,10.94,12.02,12.16,17.3,17.92
588,15.07,13.58,19.1,15.3,15.58,12.32,10.85,10.47,11.06,11.76,18.14,18.06
589,16.0,14.99,17.54,16.47,15.08,12.14,11.25,11.6,10.78,12.31,15.82,17.03
590,15.03,14.76,17.28,14.33,13.75,11.35,11.68,12.14,11.37,12.59,16.7,18.17
591,14.81,14.65,18.03,14.85,13.71,12.63,11.36,11.0,11.61,11.87,17.33,17.88
592,14.57,14.22,18.23,15.55,14.74,12.69,10.86,11.15,11.98,12.72,17.1,18.85
593,15.45,14.28,16.81,14.86,15.29,13.36,12.08,11.28,11.87,12.06,17.75,16.09
594,15.63,13.73,15.79,16.52,13.65,12.68,10.87,11.26,11.44,12.86,16.51,17.61
595,13.29,15.52,17.7,16.46,13.07,13.14,12.1,10.86,10.7,11.61,16.56,17.5
596,16.36,14.8,17.07,15.77,15.22,13.47,11.81,12.4,12.49,11.38,17.61,19.74
597,15.4,15.83,17.25,16.62,15.16,12.04,11.11,11.67,11.28,13.1,17.84,17.61
598,15.67,15.26,17.54,16.3,12.41,13.12,11.04,11.93,12.05,12.44,16.98,19.82
599,14.54,15.51,19.27,14.87,16.53,11.64,10.24,11.41,12.23,11.29,17.52,17.33
600,15.26,14.26,15.92,15.55,14.77,12.61,11.45,11.17,11.39,13.05,17.23,18.13
601,15.46,14.58,15.96,17.19,13.73,13.26,11.25,11.42,11.66,13.55,17.45,16.87
602,14.52,14.54,17.17,14.86,15.41,13.4,11.32,11.5,10.96,11.87,18.25,19.19
603,16.82,14.43,16.69,14.99,15.85,12.59,11.62,11.23,11.77,11.92,17.83,18.38
604,14.65,14.26,16.05,16.27,14.56,12.26,11.97,11.24,12.22,13.0,16.65,17.54
605,15.23,13.06,18.16,15.75,15.94,14.11,11.86,11.97,11.49,11.93,16.15,17.49
606,15.76,14.09,17.95,17.73,14.74,13.33,11.39,12.3,10.98,12.43,15.96,17.18
607,15.04,14.31,16.73,15.8,14.29,12.86,11.87,12.28,11.31,13.29,16.56,18.41
608,14.51,15.27,17.52,14.94,13.68,13.6,12.07,12.94,11.41,13.08,17.31,18.86
609,14.91,14.78,17.4,15.8,14.35,13.51,11.26,11.61,12.35,12.32,15.9,18.13
610,14.79,14.44,17.76,15.15,14.08,12.06,11.76,10.37,11.93,12.51,16.66,17.08
611,14.8,14.4,17.54,17.52,14.19,12.83,11.42,11.12,11.05,13.12,16.79,18.19
612,15.22,13.81,16.73,16.75,14.77,12.69,11.72,11.07,11.63,12.13,16.16,19.12
613,15.59,14.9,19.6,15.37,14.84,12.82,10.98,10.65,12.25,12.03,16.23,18.19
614,15.48,15.32,16.35,17.08,13.63,13.22,12.45,11.59,11.78,12.76,17.26,17.16
615,14.64,14.8,17.64,16.43,15.15,12.93,11.58,11.03,12.21,12.31,16.58,18.04
616,15.4,14.71,16.77,15.89,14.75,12.22,11.74,10.63,11.84,12.34,18.07,18.36
617,14.64,15.23,17.37,16.28,14.68,12.15,11.76,12.16,11.6,11.57,17.16,18.74
618,16.01,14.93,16.35,16.26,14.54,13.11,10.39,11.5,12.1,11.91,18.02,17.73
619,15.61,13.79,16.34,15.33,15.17,13.42,11.85,11.47,11.81,12.39,17.37,18.48
620,15.56,14.89,16.53,14.67,14.92,13.19,11.69,11.38,12.33,12.04,16.26,17.33
621,14.52,13.8,17.98,15.87,14.13,12.71,12.44,11.32,12.26,12.63,16.89,18.8
622,15.82,14.84,16.41,15.29,13.35,14.79,11.31,11.22,11.64,11.63,18.5,18.21
623,15.88,15.02,17.78,16.5,13.45,13.3,11.7,12.12,12.91,12.58,17.83,18.07
624,14.82,13.94,16.81,15.23,14.41,12.54,11.55,10.91,11.22,12.15,16.26,16.98
625,14.71,13.66,16.79,15.65,14.21,12.71,12.05,10.6,11.66,12.97,16.68,17.5
626,15.25,14.5,17.75,15.56,15.66,13.44,12.04,9.7,12.02,13.32,15.34,17.15
627,14.89,13.71,16.42,16.07,13.72,13.22,11.3,11.43,12.41,12.07,16.54,18.73
628,15.32,14.48,16.66,17.01,14.4,12.85,11.77,11.0,10.77,12.81,18.03,18.97
629,14.89,14.43,18.04,16.08,14.62,12.57,11.01,11.38,12.23,13.24,16.71,17.3
630,15.22,14.14,15.95,16.31,14.25,12.91,11.01,11.24,12.2,13.54,16.46,18.08
631,14.25,15.08,18.77,16.92,14.41,12.3,11.17,11.02,12.34,12.05,16.37,17.88
632,15.08,15.43,17.39,14.62,13.72,13.13,10.92,11.66,10.87,12.85,16.06,18.41
633,14.82,14.23,17.0,15.06,13.29,12.61,11.64,12.13,11.31,12.52,17.17,18.73
634,14.99,15.1,16.06,15.28,14.61,13.41,12.92,11.69,12.13,12.63,16.45,17.78
635,15.5,14.95,17.23,15.71,12.75,12.76,11.65,11.81,12.88,12.43,16.02,16.45
636,14.71,14.53,17.15,16.25,13.64,12.52,12.78,11.71,12.05,12.76,17.67,18.15
637,16.77,13.83,15.75,16.16,14.24,12.2,11.71,11.72,11.67,12.19,17.37,18.26
638,16.39,14.31,18.3,15.06,13.69,13.61,11.82,11.33,11.46,11.5,17.26,19.62
639,16.3,13.3,17.27,18.17,14.01,12.8,11.92,11.7,11.48,12.61,17.36,18.26
640,14.18,14.56,16.05,17.25,13.99,12.43,10.77,11.32,12.09,11.98,17.13,16.49
641,15.37,13.75,17.06,16.15,13.7,13.18,11.84,11.07,12.1,12.32,16.75,17.5
642,14.0,14.78,17.69,16.43,15.22,12.14,11.22,11.35,12.36,12.17,16.08,17.69
643,14.22,14.78,16.49,16.4,14.86,12.25,11.04,11.09,12.19,11.98,17.68,18.25
644,14.15,14.81,17.07,14.87,15.46,13.5,11.04,10.75,10.87,12.39,17.01,17.21
645,15.62,15.01,16.49,15.91,12.78,13.93,11.43,11.73,12.35,12.27,18.42,18.17
646,14.58,14.81,17.48,16.75,13.22,12.38,11.67,11.38,11.08,12.86,16.72,17.92
647,14.37,14.41,16.87,13.46,14.31,12.06,11.58,11.85,11.62,12.33,18.34,17.77
648,14.74,14.48,16.82,15.99,14.33,13.37,11.13,11.71,12.3,12.62,16.06,18.03
649,15.53,14.45,17.52,15.28,15.04,12.29,11.78,10.72,11.97,11.72,16.42,17.77
650,14.97,15.03,18.27,16.74,15.47,13.65,10.91,11.45,11.56,11.88,17.68,19.0
651,16.03,14.05,16.77,16.21,13.91,13.49,11.28,11.75,11.58,12.89,16.7,17.72
652,15.67,12.83,17.56,15.51,13.76,12.42,11.31,11.37,12.02,12.71,15.76,17.83
653,15.5,14.59,16.92,16.92,15.8,11.67,11.12,12.32,12.33,13.17,17.15,17.28
654,16.39,13.87,17.85,15.75,14.98,13.49,12.24,12.1,12.15,12.61,17.48,18.0
655,15.66,13.93,16.98,16.05,13.16,12.75,11.06,10.92,11.83,12.6,16.96,19.01
656,14.38,14.15,17.19,15.93,15.8,13.38,11.44,11.51,11.64,12.35,18.18,18.13
657,15.06,13.0,16.51,15.17,14.38,12.44,11.63,11.24,12.16,11.93,17.82,17.69
658,16.03,15.02,17.45,16.23,14.33,12.55,11.34,12.03,11.44,13.08,16.48,17.16
659,16.36,14.88,16.23,16.19,14.17,12.79,11.88,10.64,11.84,13.13,18.38,19.4
660,14.51,15.5,17.09,16.1,13.59,13.41,11.62,11.8,12.84,12.96,17.97,18.5
661,15.25,15.21,17.41,17.13,15.24,11.6,12.11,11.39,11.37,12.74,17.09,19.66
662,16.88,15.0,17.77,16.3,13.72,13.59,12.13,11.72,11.7,12.42,17.63,19.9
663,13.68,14.65,14.75,15.81,15.02,11.67,12.01,10.82,11.23,12.77,17.62,17.77
664,14.41,13.84,16.43,15.1,15.85,12.26,11.3,10.89,12.01,12.36,16.06,17.59
665,13.82,15.17,16.38,15.17,12.82,13.13,12.0,10.08,12.01,11.05,17.3,18.34
666,15.8,14.92,17.82,16.6,14.05,12.72,11.59,10.93,12.14,11.9,17.66,17.19
667,14.23,14.55,15.16,16.28,13.96,13.32,11.73,10.32,12.33,11.83,17.54,18.58
668,15.09,15.76,16.61,14.91,15.28,12.28,11.3,11.59,11.48,12.18,17.14,19.27
669,16.41,15.18,16.31,15.76,13.83,12.09,12.86,11.3,12.95,11.7,18.07,16.21
670,14.95,14.29,17.56,17.24,13.68,12.74,11.44,10.63,11.06,12.32,17.51,17.3
671,14.76,15.56,16.82,16.53,13.43,11.79,12.01,11.3,11.8,13.21,16.16,18.29
672,15.6,15.12,16.7,17.08,14.05,13.11,11.29,11.12,11.66,12.84,17.06,17.8
673,15.25,15.59,17.3,14.96,14.06,12.34,10.73,11.25,11.99,12.64,16.69,16.75
674,15.92,13.92,15.67,15.82,14.98,14.01,11.48,11.41,12.02,12.13,16.7,18.39
675,16.95,14.82,16.13,16.52,12.89,12.62,12.51,11.95,10.8,12.34,16.89,18.02
676,15.1,14.84,17.26,15.42,13.69,12.41,11.83,11.8,11.23,13.37,17.26,18.57
677,14.69,14.19,16.43,15.29,14.62,13.45,11.95,11.57,11.93,11.61,15.99,18.79
678,17.13,15.39,17.13,17.31,14.14,12.67,11.28,10.32,12.58,13.02,16.91,17.82
679,16.03,15.15,16.61,15.28,13.55,13.75,11.12,11.08,12.24,12.48,17.71,18.59
680,16.37,14.45,15.73,15.19,14.02,12.17,10.99,11.74,12.75,12.41,17.71,18.5
681,15.49,14.21,17.07,16.59,14.08,12.75,11.44,12.48,11.49,11.91,16.5,18.58
682,13.96,13.73,16.24,15.62,13.38,13.39,11.52,11.26,10.77,13.02,17.68,18.91
683,14.75,13.74,16.96,15.73,14.65,12.49,10.91,11.16,11.74,11.74,16.25,18.17
684,14.84,15.64,17.58,15.6,13.39,12.85,11.52,11.15,11.81,12.97,17.56,17.52
685,16.3,14.93,17.25,15.27,13.97,13.11,11.71,11.21,11.28,12.86,17.12,18.18
686,15.07,14.54,17.06,15.27,14.22,13.52,11.95,10.78,11.13,11.94,16.44,18.64
687,15.36,15.5,16.46,15.59,13.42,13.07,12.23,10.94,11.23,12.61,17.02,19.14
688,14.44,15.17,16.61,15.71,14.0,11.9,11.72,11.57,11.74,13.47,18.03,18.89
689,15.9,13.95,17.29,15.09,15.44,12.61,12.47,11.54,11.73,11.53,16.97,15.97
690,16.13,14.94,17.75,17.02,13.63,12.27,11.88,11.73,12.2,11.67,16.1,17.37
691,15.26,14.19,15.84,15.88,14.17,12.78,10.68,11.14,11.44,11.92,17.46,17.71
692,15.25,14.22,16.93,16.91,16.38,12.9,12.0,10.88,11.91,12.28,16.89,17.93
693,15.52,15.03,16.13,16.73,14.59,12.72,11.79,11.14,11.92,13.21,17.96,17.87
694,15.28,15.18,16.52,16.7,14.47,12.48,10.97,12.2,12.56,12.92,17.71,18.12
695,15.84,15.09,17.74,16.57,14.65,13.39,11.06,11.37,11.72,12.66,17.26,18.14
696,15.48,15.52,17.16,16.97,14.24,13.18,10.75,12.23,10.85,11.82,17.28,18.45
697,15.39,13.67,15.45,16.26,15.71,12.38,11.54,11.95,11.92,12.8,17.82,16.89
698,15.09,14.09,16.17,16.21,15.02,13.14,12.42,12.04,11.02,12.55,18.71,16.27
699,15.36,14.36,17.45,17.11,14.37,13.17,11.23,11.26,11.84,12.02,17.29,18.23
700,15.03,13.83,17.73,15.29,13.27,12.18,12.41,11.68,11.24,13.19,16.71,17.25
701,15.44,14.0,17.81,15.09,14.99,12.84,11.57,10.26,10.74,12.22,17.21,17.01
702,14.89,14.04,17.35,16.3,14.2,12.56,12.04,11.6,11.36,12.15,17.71,19.41
703,14.89,14.56,16.98,16.25,14.67,13.51,11.62,10.98,12.38,12.5,17.99,17.97
704,15.42,14.5,16.75,14.48,14.43,12.36,11.21,10.59,12.06,12.69,15.84,18.13
705,15.75,14.75,17.72,15.75,14.56,12.08,11.55,11.21,12.93,12.45,16.47,18.5
706,13.57,14.14,16.98,16.78,14.36,12.7,11.84,10.82,11.72,12.42,16.79,17.15
707,14.91,13.7,17.21,15.18,13.61,12.45,11.7,11.33,11.95,12.21,15.72,19.29
708,14.91,14.88,17.18,15.82,13.43,13.55,12.12,11.47,10.99,12.12,16.8,18.87
709,15.42,15.69,16.89,15.81,15.76,11.95,11.66,11.0,11.89,12.48,16.16,16.93
710,15.54,15.13,17.24,14.49,14.91,12.83,12.56,11.97,11.28,12.73,17.56,18.12
711,16.59,15.06,16.0,15.78,14.15,12.06,11.65,10.87,12.23,12.65,17.97,19.83
712,14.72,14.8,16.86,16.27,13.1,12.34,11.94,11.5,11.79,11.72,18.59,18.72
713,16.45,15.6,16.63,17.08,15.03,11.71,11.93,11.97,12.14,12.0,16.84,18.4
714,13.75,14.74,16.82,15.13,14.72,12.25,12.51,11.16,11.29,11.53,16.25,18.07
715,14.09,13.9,17.32,15.86,15.56,13.03,11.18,11.68,11.98,12.54,15.81,16.84
716,14.32,13.97,16.28,16.62,14.08,12.08,11.68,11.19,12.09,12.63,19.04,17.18
717,16.13,15.16,16.97,14.91,15.11,13.13,12.05,11.47,10.91,12.13,17.72,17.91
718,15.5,14.23,16.26,15.9,14.3,11.79,12.16,11.27,12.13,11.13,14.85,18.7
719,16.08,13.95,17.43,15.96,14.87,12.68,11.28,11.65,11.82,12.37,17.84,18.3
720,16.35,15.29,17.31,15.07,15.52,12.51,12.42,10.87,12.13,12.04,16.8,18.6
721,15.12,14.11,16.81,15.78,13.27,13.64,11.35,11.38,12.04,12.24,18.29,17.41
722,15.26,13.84,16.31,18.19,14.5,12.12,11.89,11.34,11.85,12.02,17.72,18.36
723,15.19,13.56,17.18,16.02,14.04,13.06,11.25,11.68,12.21,12.33,17.03,18.48
724,15.46,15.03,15.94,14.04,13.18,12.74,10.96,11.17,10.61,12.8,14.93,16.89
725,15.97,14.59,17.44,17.47,14.48,11.6,11.71,11.61,12.11,12.5,17.79,19.27
726,15.11,14.67,17.05,15.75,14.97,12.42,11.49,10.43,12.45,13.38,18.12,18.61
727,15.83,14.34,15.28,15.93,13.95,12.9,11.35,10.56,11.39,11.67,17.02,18.13
728,15.45,14.37,15.41,15.64,14.37,12.47,11.1,11.76,11.89,12.28,17.01,16.76
729,16.24,15.01,16.95,16.65,14.65,12.96,11.87,11.26,10.76,12.61,16.89,17.84
730,14.46,13.89,16.0,15.47,13.8,12.25,11.05,11.05,11.95,12.03,17.93,18.63
731,15.64,14.52,16.88,14.82,14.35,11.71,10.94,10.81,12.62,11.85,17.41,17.84
732,13.86,15.84,17.09,16.1,14.54,12.21,11.57,11.34,12.07,13.0,16.95,18.61
733,14.58,15.02,17.13,16.02,14.31,12.69,10.84,11.4,11.27,12.39,15.77,17.47
734,14.77,15.3,15.84,14.83,14.61,12.91,11.25,10.85,13.17,13.19,17.58,18.24
735,15.17,15.85,18.39,15.57,14.11,12.83,11.81,10.87,11.24,12.38,17.51,19.49
736,16.18,14.31,17.67,15.93,14.35,12.46,11.44,10.83,11.73,13.09,16.5,17.66
737,15.04,14.53,17.15,16.99,13.77,13.26,12.29,11.13,10.82,13.36,17.81,17.79
738,14.34,13.72,17.02,15.35,14.64,12.76,12.75,10.56,12.53,13.08,18.19,18.09
739,16.24,14.63,15.72,15.87,14.21,13.11,11.83,11.08,11.7,12.83,16.55,18.79
740,14.4,16.16,16.37,17.12,14.35,12.76,12.18,11.64,12.85,11.73,16.65,18.8
741,15.89,14.75,18.13,15.77,14.56,12.32,12.12,11.63,12.36,11.71,16.06,17.56
742,13.93,14.27,17.54,16.49,13.52,13.74,10.35,11.68,11.62,12.79,17.12,18.06
743,14.63,14.7,16.8,15.33,13.99,12.58,11.84,11.29,11.93,13.42,17.05,17.06
744,14.91,14.43,17.42,15.84,14.93,12.75,10.87,11.0,12.59,12.11,18.37,17.29
745,14.61,14.32,16.86,16.65,15.24,12.5,10.96,12.67,10.95,12.29,16.93,17.66
746,15.8,14.66,17.4,16.99,13.08,13.07,11.65,12.36,10.91,12.97,17.25,16.48
747,13.92,14.0,16.79,14.9,13.1,13.19,12.75,10.29,11.93,12.84,16.13,18.3
748,15.19,15.15,15.72,14.96,15.28,12.17,10.59,11.38,12.14,12.29,17.03,18.49
749,15.01,15.61,16.43,15.71,13.25,13.77,11.43,11.51,11.8,11.89,16.6,17.81
750,15.28,14.97,15.57,15.88,15.33,13.99,11.66,11.6,11.58,13.62,17.89,18.95
751,15.0,14.52,16.74,16.04,14.61,13.62,11.89,11.77,11.77,12.66,17.27,18.08
752,15.25,14.35,17.0,15.76,14.34,12.73,11.51,11.18,11.83,12.09,16.89,18.51
753,14.57,13.68,16.26,16.2,14.3,12.07,11.67,10.71,11.61,13.07,16.57,17.77
754,15.01,15.93,16.39,16.2,14.7,13.55,12.0,12.67,10.79,12.52,17.24,16.92
755,15.25,15.29,17.05,17.37,14.06,12.64,11.38,11.92,11.71,12.4,16.53,18.33
756,15.53,14.22,17.1,15.13,13.13,12.76,11.51,10.92,12.28,12.15,17.75,16.77
757,16.52,14.65,16.72,15.39,13.97,13.78,11.98,11.66,12.1,11.12,17.45,20.34
758,15.36,13.29,15.37,14.7,15.01,12.44,11.78,11.24,12.03,11.6,17.15,17.15
759,16.44,12.93,17.23,16.94,15.09,12.87,11.99,11.46,11.61,12.41,17.81,17.73
760,14.96,13.68,17.79,15.92,14.91,12.94,10.64,11.17,12.62,11.66,17.94,17.02
761,14.79,13.58,16.56,16.96,14.82,12.52,11.89,12.41,12.61,11.66,17.44,17.47
762,14.58,14.74,19.17,16.8,13.55,12.87,12.05,11.05,11.56,12.41,16.66,18.9
763,14.77,14.03,17.11,16.57,14.7,13.41,12.05,11.72,11.87,11.47,18.77,19.36
764,14.38,14.51,17.0,16.14,14.82,12.17,11.73,11.97,11.57,12.32,16.57,18.14
765,13.39,13.44,17.1,15.84,15.0,12.25,11.9,11.6,12.12,12.0,17.59,18.72
766,14.9,16.32,16.69,15.95,14.46,12.78,11.3,11.49,11.91,11.99,17.33,17.75
767,15.92,14.74,17.89,15.03,13.56,13.36,10.37,11.09,12.15,12.27,16.58,17.7
768,16.29,15.15,16.92,15.42,14.77,12.35,11.88,12.01,11.04,10.76,17.31,19.08
769,15.57,14.26,16.68,15.14,14.91,12.12,10.74,10.02,11.35,12.41,17.33,18.81
770,14.41,14.96,16.02,16.62,13.58,12.76,9.9,11.83,11.68,12.08,16.42,18.66
771,14.46,14.34,15.98,16.59,13.9,13.19,11.02,10.89,12.35,13.51,18.04,17.4
772,15.13,13.43,17.52,16.51,14.08,12.41,10.97,11.35,11.95,11.88,18.39,19.35
773,15.25,14.63,16.76,16.09,15.69,13.37,11.63,11.5,12.33,12.79,16.86,18.5
774,15.48,14.97,16.07,16.04,15.46,13.05,11.94,10.79,11.96,11.55,17.29,17.62
775,14.27,14.15,16.41,14.92,13.83,13.12,12.09,12.12,11.61,12.65,17.1,17.47
776,14.81,14.88,17.29,16.32,13.4,12.75,11.66,11.69,11.25,12.9,16.73,19.57
777,14.9,14.04,16.85,15.41,15.03,13.23,12.02,10.73,10.84,12.91,17.61,19.52
778,15.36,14.82,16.03,17.03,14.79,12.03,11.41,11.72,12.17,11.93,17.5,16.4
779,15.58,14.08,16.73,16.3,14.53,13.5,12.07,10.73,11.18,12.07,15.86,18.67
780,15.75,14.95,17.62,15.42,15.48,11.72,11.84,11.22,12.0,11.48,16.52,18.68
781,15.82,14.93,18.25,16.48,14.74,12.7,12.33,10.97,12.56,12.45,18.56,18.08
782,15.16,14.88,18.59,16.47,14.87,12.74,11.02,11.55,11.3,12.16,16.95,18.73
783,14.82,14.52,18.16,16.59,12.86,13.26,11.48,11.07,10.79,12.29,16.01,15.5
784,15.9,14.49,17.77,16.29,14.64,12.63,11.96,11.52,11.44,12.38,15.77,19.51
785,15.32,14.17,17.81,15.86,13.49,12.46,10.8,10.99,11.28,11.96,18.1,17.87
786,14.67,15.31,16.71,16.56,13.43,12.15,11.57,11.8,10.73,12.72,17.25,16.45
787,16.35,15.22,16.84,16.96,14.08,12.86,11.55,11.93,10.97,12.61,17.41,19.45
788,15.53,15.36,17.27,15.62,13.81,13.23,12.21,11.48,11.46,12.08,17.16,17.44
789,14.45,14.11,17.31,16.83,14.49,12.2,11.62,11.12,11.28,12.94,17.81,19.06
790,15.96,14.67,17.14,16.63,14.09,12.37,11.65,11.81,12.87,12.32,16.76,17.35
791,15.03,15.83,16.94,17.16,13.44,12.45,11.33,11.61,12.22,12.09,17.2,17.84
792,15.17,15.01,17.19,15.73,14.92,13.58,11.01,10.95,12.08,13.48,17.57,18.76
793,14.74,15.14,16.28,14.96,15.45,13.01,11.58,10.76,11.47,12.01,17.25,18.67
794,16.08,14.79,17.43,16.51,14.42,11.99,11.93,11.73,11.52,13.17,17.05,18.03
795,15.08,15.35,16.14,15.4,14.62,12.93,10.83,11.66,12.57,12.17,18.15,16.06
796,15.27,13.25,16.07,14.45,14.18,13.72,11.56,11.37,12.58,13.65,17.85,17.37
797,15.7,13.92,18.51,16.64,15.07,12.04,12.54,11.11,11.47,12.46,17.82,18.6
798,14.59,15.8,16.7,15.45,14.01,12.79,11.64,12.54,12.13,12.62,18.23,17.32
799,14.81,13.89,16.52,16.39,14.04,12.73,11.01,11.7,11.68,11.87,17.02,19.38
800,15.08,14.11,16.12,15.61,15.05,12.37,9.83,11.09,11.85,12.46,16.58,18.1
801,13.91,14.65,15.85,16.05,15.26,13.32,11.42,11.7,12.27,13.36,17.99,16.63
802,17.0,13.55,16.86,15.38,14.83,13.64,11.97,11.55,11.56,12.87,16.91,17.81
803,14.86,14.9,15.8,16.9,13.69,13.68,11.8,10.89,11.19,12.58,17.02,17.06
804,14.74,14.12,16.13,18.06,13.46,12.56,11.31,10.72,12.5,12.1,16.41,17.12
805,15.28,14.4,16.02,15.7,13.14,12.35,11.69,10.79,12.52,11.84,17.18,17.44
806,15.58,14.17,16.85,15.07,14.19,13.1,11.43,11.22,11.75,12.09,17.79,18.63
807,15.06,14.82,16.52,15.29,15.0,12.07,10.97,12.28,10.95,12.83,19.3,17.66
808,15.32,13.96,17.0,17.32,13.39,12.9,10.93,12.25,12.72,12.29,16.76,17.74
809,15.27,14.51,17.39,15.97,13.83,13.22,11.77,10.98,12.27,12.38,15.58,18.81
810,15.32,14.32,16.91,15.79,14.75,12.92,11.78,11.08,10.51,11.86,16.88,17.74
811,15.54,16.3,16.79,16.2,14.65,11.89,11.25,11.49,12.48,12.5,17.08,18.85
812,16.97,14.67,15.37,15.58,13.43,13.12,11.47,11.65,11.48,11.35,18.15,18.16
813,16.43,14.94,15.96,15.68,14.67,12.14,12.95,11.63,11.38,12.26,17.04,16.97
814,15.62,13.98,16.64,16.42,13.8,13.25,11.54,11.52,11.3,12.61,17.17,17.58
815,15.48,13.43,15.88,14.73,14.17,13.34,11.3,11.62,11.36,11.26,17.16,17.58
816,14.68,14.2,16.59,16.51,13.72,12.66,11.49,11.12,12.24,12.02,16.65,18.94
817,14.03,14.59,16.62,15.54,14.98,13.58,10.65,12.25,11.65,12.34,17.92,17.74
818,15.61,15.45,16.47,15.87,13.95,12.47,11.88,11.52,11.34,12.29,18.09,17.78
819,15.71,13.98,15.94,15.69,15.19,12.5,12.05,11.49,10.83,12.35,15.69,19.02
820,15.28,14.23,18.11,16.03,15.82,12.07,12.1,12.01,11.45,12.98,17.68,17.49
821,13.25,14.96,17.55,16.42,14.15,12.4,11.13,12.03,11.39,12.31,17.87,17.18
822,14.77,14.02,17.05,16.42,13.94,13.15,12.03,11.12,11.57,11.8,18.52,17.1
823,15.31,14.28,15.72,16.06,15.12,13.64,11.21,11.18,12.29,12.1,16.45,18.81
824,14.15,14.32,16.34,16.99,14.45,12.1,11.32,11.77,12.25,13.57,17.63,19.28
825,15.85,15.26,17.74,16.19,13.47,12.74,10.52,12.15,11.81,11.85,18.47,18.78
826,15.22,14.69,18.44,15.22,14.85,12.75,11.58,11.44,12.19,12.59,16.75,16.92
827,14.44,14.03,16.7,16.28,14.18,12.84,10.98,11.41,11.78,13.87,16.21,17.74
828,14.15,14.8,17.34,15.28,15.41,12.82,11.84,12.3,11.05,11.59,16.46,17.54
829,15.2,14.2,17.19,15.55,14.47,13.42,11.01,10.51,11.39,11.74,17.21,18.38
830,15.56,14.57,17.1,15.98,13.27,13.39,11.16,11.48,11.65,12.17,17.51,18.78
831,14.16,14.93,14.88,15.04,13.15,13.26,11.24,11.95,12.37,12.71,16.63,16.79
832,14.92,15.71,17.15,17.57,13.47,13.51,12.59,11.67,11.29,11.98,17.8,17.92
833,15.51,14.83,16.44,16.37,13.82,12.22,11.52,11.27,12.66,12.94,17.76,17.1
834,14.34,14.92,15.79,16.36,15.32,13.0,10.43,11.78,11.47,12.87,17.71,17.87
835,15.85,13.92,15.92,17.38,14.25,13.37,11.73,11.46,10.93,12.29,17.03,16.94
836,15.18,14.64,16.8,16.4,13.71,11.74,10.9,11.86,13.13,12.39,17.53,19.08
837,15.07,15.2,16.77,15.94,13.76,13.08,11.3,9.92,11.03,13.04,16.33,18.03
838,15.84,15.85,17.24,16.2,13.99,13.59,11.18,10.85,11.6,11.68,16.97,18.16
839,16.0,15.27,17.02,16.88,14.17,12.31,9.85,11.85,11.5,12.47,17.73,18.91
840,14.36,14.07,16.24,16.87,13.48,13.45,11.8,11.32,12.4,12.75,16.53,17.89
841,15.98,13.0,17.12,16.83,14.47,13.03,11.84,11.93,11.21,12.03,17.51,18.26
842,16.22,15.46,16.76,16.77,17.07,13.43,12.02,11.89,11.99,12.12,18.01,18.1
843,14.67,14.37,16.87,15.64,15.34,12.31,11.93,11.52,11.74,11.88,17.41,17.73
844,15.62,14.75,17.32,15.45,14.31,13.65,11.44,11.27,11.63,12.57,17.8,19.0
845,15.02,14.47,17.55,16.59,14.7,13.04,12.07,11.09,11.38,12.51,17.67,17.95
846,15.14,14.23,17.18,16.31,14.6,12.73,12.18,11.54,12.48,12.42,18.37,19.16
847,15.35,14.96,16.19,15.38,14.92,13.75,11.95,11.41,11.17,11.97,17.06,17.64
848,13.93,14.28,16.71,16.32,12.79,12.59,11.75,11.61,12.67,11.37,16.92,16.63
849,13.87,14.47,16.12,15.3,14.78,12.75,11.96,10.56,10.77,12.9,18.27,16.87
850,13.96,15.46,16.53,15.67,13.89,12.58,11.2,11.65,11.21,11.41,16.68,16.86
851,16.06,13.95,16.08,14.58,14.0,12.6,11.32,11.11,12.28,13.29,17.46,19.57
852,15.42,14.46,17.27,15.53,14.27,13.13,11.29,11.88,11.47,11.6,16.17,18.01
853,14.91,14.52,16.4,15.99,15.45,12.53,11.81,12.07,12.13,12.38,16.74,18.84
854,16.18,14.65,16.92,15.53,13.33,13.39,11.92,11.08,11.53,12.83,18.25,18.11
855,15.59,14.36,16.24,16.17,13.07,12.83,12.67,11.71,11.46,12.8,17.52,17.59
856,15.8,14.42,16.88,17.34,14.46,12.6,11.84,11.83,12.12,12.13,17.11,18.32
857,16.25,14.59,15.8,15.25,15.25,12.06,11.0,11.08,11.85,12.29,18.7,18.6
858,13.22,14.98,17.2,15.64,14.26,13.1,11.74,11.97,11.47,12.3,16.95,17.77
859,15.02,13.83,16.9,15.97,13.67,12.39,11.23,10.55,11.71,12.79,17.09,16.42
860,15.95,13.26,16.71,16.29,14.49,13.42,11.02,11.33,12.73,12.76,17.37,18.29
861,15.82,15.31,15.53,14.87,14.21,12.42,11.26,11.4,11.76,11.59,15.54,18.29
862,14.52,13.25,17.15,13.68,14.3,12.53,12.16,11.42,11.08,12.15,16.23,18.54
863,14.87,15.52,15.59,16.82,14.92,11.65,11.69,12.29,11.74,12.69,15.63,18.11
864,15.28,14.61,17.34,14.66,14.19,12.83,11.17,11.01,11.11,11.83,18.06,18.03
865,15.45,13.96,18.31,16.49,14.81,13.84,11.11,11.16,11.4,11.4,17.6,16.44
866,15.5,14.6,14.68,15.87,14.34,14.61,10.89,12.34,11.78,13.45,16.3,18.64
867,15.12,13.88,17.03,15.95,13.71,12.9,11.12,11.51,12.67,11.32,18.26,17.63
868,14.85,13.99,16.24,16.54,13.65,12.6,11.29,11.08,11.38,11.7,17.77,17.25
869,14.97,13.99,17.09,15.89,14.26,12.09,12.12,10.79,11.37,11.43,18.04,18.47
870,16.78,14.32,17.29,15.18,14.39,12.43,10.92,11.68,11.01,12.52,17.46,17.82
871,14.54,14.86,17.56,15.97,14.33,12.01,11.61,12.12,12.06,12.07,17.21,18.91
872,14.88,14.4,17.58,16.02,15.4,13.22,12.58,10.96,12.25,12.35,17.98,17.51
873,15.91,14.1,16.51,15.66,14.38,12.25,11.31,11.2,11.93,12.61,17.71,17.7
874,15.08,14.94,16.84,16.28,15.48,12.98,10.83,11.09,13.12,12.41,17.8,18.42
875,14.93,14.62,16.73,16.2,15.21,12.72,11.6,12.15,12.97,11.59,18.61,18.67
876,14.77,14.85,16.47,14.67,14.77,12.09,11.78,11.53,12.04,13.24,17.28,17.53
877,15.87,13.6,18.19,16.7,14.08,11.91,10.48,12.36,12.14,12.37,17.48,18.1
878,15.51,14.14,17.25,14.5,13.39,13.73,11.67,10.63,12.48,11.99,16.25,16.44
879,16.0,14.44,16.27,16.56,13.78,13.31,12.35,11.18,11.62,12.07,16.77,18.25
880,14.95,14.33,16.83,15.04,14.35,12.01,11.8,12.04,11.98,12.16,17.17,18.89
881,16.55,13.87,15.52,14.82,13.62,12.35,11.05,11.44,11.9,12.14,17.51,17.71
882,14.89,16.07,15.22,15.96,13.47,12.1,11.32,11.92,11.77,12.84,19.12,16.08
883,15.06,14.37,16.76,16.78,14.3,12.91,12.11,11.61,12.55,11.7,17.27,18.16
884,16.44,15.69,16.9,16.16,13.47,12.48,11.89,10.52,10.88,13.18,16.38,17.76
885,15.27,14.57,17.16,15.83,13.05,12.31,12.74,10.73,11.46,12.69,17.62,17.75
886,15.18,13.96,16.56,16.5,15.71,13.26,11.49,12.04,11.51,12.66,17.72,18.62
887,14.1,15.13,16.49,16.81,14.19,13.18,11.98,10.46,11.06,13.45,17.36,16.78
888,15.1,14.72,17.55,15.91,14.0,12.72,11.7,11.74,11.84,11.72,16.97,18.29
889,16.15,14.39,16.47,17.02,13.98,11.88,11.78,11.43,10.96,12.03,17.38,18.78
890,14.56,15.77,18.33,16.81,14.78,12.63,12.28,12.2,10.81,11.46,16.3,18.07
891,13.65,14.06,17.51,15.03,13.44,13.0,12.23,10.5,10.55,12.07,17.63,18.82
892,15.22,14.92,18.29,16.95,14.94,12.83,11.0,10.79,11.29,11.67,17.54,16.34
893,13.84,13.71,16.56,14.75,15.05,12.96,11.54,11.11,11.28,13.3,17.76,18.6
894,15.71,14.33,16.31,14.73,14.45,12.72,11.93,11.31,12.14,12.32,17.17,18.04
895,15.74,16.28,17.66,14.01,15.26,11.68,11.3,11.41,11.26,12.58,17.41,18.6
896,16.7,14.11,16.37,15.3,14.52,13.39,12.69,11.18,12.03,12.82,16.71,17.31
897,15.7,13.94,17.48,17.11,14.91,13.14,11.52,11.95,11.57,13.07,18.44,18.19
898,15.63,15.62,16.24,15.2,14.02,11.58,12.09,12.03,11.76,11.64,16.46,18.45
899,14.68,12.86,17.74,16.62,14.72,12.48,11.56,11.08,11.43,12.8,16.32,17.3
900,13.97,14.18,15.99,16.04,15.02,11.85,11.43,11.35,11.37,11.96,18.29,18.61
901,14.85,14.85,16.49,16.77,14.59,12.5,11.08,12.0,11.51,11.84,16.28,19.58
902,15.58,15.06,16.63,16.61,14.2,12.77,12.05,11.05,11.12,12.91,17.51,18.94
903,15.97,15.0,16.81,15.59,14.16,13.21,11.23,11.64,12.38,12.8,17.16,16.1
904,15.57,13.76,17.82,15.77,14.51,12.36,12.34,11.54,11.81,12.96,17.64,16.87
905,15.38,14.07,16.77,16.19,15.44,12.92,12.03,12.15,11.88,12.72,16.62,20.08
906,16.19,14.96,17.47,16.71,14.28,12.96,11.31,11.94,11.36,12.7,16.85,18.0
907,15.11,14.46,15.8,16.83,13.96,13.39,11.72,10.55,11.93,11.23,15.59,17.37
908,15.91,13.99,16.53,17.29,15.32,13.29,11.49,11.87,11.5,12.41,17.31,18.24
909,14.69,14.55,16.39,15.02,14.22,12.02,11.21,12.03,11.82,11.9,17.54,17.62
910,15.84,14.2,17.72,16.12,15.28,12.24,10.82,11.95,11.45,12.57,17.84,17.48
911,14.93,15.38,16.43,15.61,15.91,13.04,10.26,10.86,12.17,12.72,18.5,18.61
912,15.08,15.86,16.38,16.12,13.68,12.86,10.92,11.53,11.68,12.89,16.04,17.03
913,15.54,15.0,17.58,14.96,14.06,13.18,10.72,10.65,11.74,12.49,17.81,17.55
914,15.96,13.68,16.64,15.31,15.45,12.46,11.48,11.73,12.85,11.51,16.74,17.75
915,15.65,13.69,15.45,16.38,13.88,13.35,12.05,10.49,12.03,11.8,16.26,17.84
916,15.61,14.91,17.12,16.04,14.53,13.14,11.01,11.57,12.19,12.03,16.7,18.42
917,15.21,13.66,16.21,16.0,14.5,12.98,11.54,11.81,11.77,13.22,17.97,18.15
918,15.48,14.75,17.27,16.46,14.35,13.67,12.33,10.62,11.37,12.66,17.01,17.82
919,14.34,14.02,18.07,16.08,14.74,13.12,11.37,11.18,10.18,13.07,17.18,17.63
920,15.65,14.77,15.37,17.01,15.06,13.52,10.41,11.02,11.65,12.46,17.54,16.56
921,15.29,14.29,16.18,16.79,14.87,13.33,11.44,11.68,12.65,11.82,16.89,17.28
922,14.26,13.96,16.94,16.62,14.04,11.72,11.21,11.1,11.68,13.14,17.08,18.77
923,14.3,15.51,16.58,16.1,14.83,12.53,11.3,11.59,11.76,11.35,15.45,18.09
924,16.58,13.89,16.77,16.92,13.38,13.37,11.05,11.34,12.03,11.78,18.37,16.73
925,15.74,15.51,15.97,16.34,16.1,12.82,11.39,11.41,11.6,12.65,18.1,17.45
926,15.55,14.6,16.31,16.42,13.97,12.67,11.25,12.25,12.46,11.72,16.86,18.4
927,14.55,14.84,17.76,16.09,13.02,12.68,11.87,11.5,12.87,12.47,18.16,17.07
928,16.39,15.07,16.83,15.7,14.06,13.19,11.81,11.03,12.09,12.38,16.73,20.42
929,14.53,14.69,16.92,15.97,13.73,11.8,11.22,10.94,10.21,12.25,16.88,18.69
930,15.25,14.6,15.67,14.94,14.61,13.08,11.51,11.27,11.54,12.12,17.87,18.28
931,15.3,15.35,16.98,15.64,14.5,12.8,11.81,11.61,11.43,13.01,17.54,16.93
932,13.28,13.86,16.77,16.35,13.26,12.92,11.92,12.71,11.88,12.11,16.47,17.63
933,14.98,15.17,17.79,17.24,14.59,12.64,11.23,11.25,12.19,12.84,17.64,17.51
934,15.75,14.05,17.39,16.01,15.04,12.14,11.99,11.81,12.28,12.85,17.6,17.57
935,15.65,14.83,17.87,16.47,14.6,13.89,11.47,12.0,11.48,11.59,17.42,19.46
936,14.94,15.73,17.63,17.15,14.18,13.47,11.18,10.61,12.03,13.0,16.7,18.23
937,14.95,14.45,16.86,16.56,14.02,12.64,11.66,11.04,11.55,13.06,17.81,17.82
938,15.07,13.48,16.47,15.64,14.78,13.33,10.86,10.48,11.96,12.18,18.11,18.57
939,15.23,15.14,17.9,15.1,14.67,13.58,11.41,11.12,11.97,12.81,17.63,18.47
940,14.88,14.55,16.47,15.34,15.39,13.07,12.03,11.01,11.54,11.61,16.42,17.29
941,15.47,14.9,15.4,16.02,14.14,12.21,11.84,11.08,11.21,12.93,15.85,16.26
942,15.58,14.91,16.47,15.4,14.24,12.81,11.19,11.39,12.26,12.15,17.44,17.43
943,15.82,15.43,16.44,17.02,14.62,12.96,10.83,11.59,11.6,11.86,16.64,18.17
944,15.72,14.34,16.68,15.74,13.85,12.38,12.18,11.88,11.29,12.09,16.91,17.09
945,16.28,12.49,17.43,15.74,13.38,12.24,11.49,11.3,12.03,12.86,15.49,18.23
946,14.81,15.08,17.13,15.6,14.43,11.85,11.69,11.68,11.82,12.56,17.52,18.08
947,15.35,14.77,17.12,14.96,13.9,12.63,11.57,11.07,11.71,12.44,18.16,17.59
948,14.7,14.22,16.21,15.25,13.99,12.82,11.4,10.75,11.97,12.43,16.56,17.08
949,14.96,14.91,18.32,15.48,14.88,13.58,11.65,11.18,11.34,12.69,16.98,16.95
950,15.09,14.71,17.06,15.57,13.83,11.98,11.42,11.61,11.55,12.82,15.62,17.32
951,14.81,14.67,15.9,16.68,14.63,11.97,12.02,11.62,12.09,12.02,16.66,16.61
952,15.95,14.06,17.77,15.38,14.9,13.39,12.08,11.42,12.72,12.46,16.33,18.07
953,15.27,15.11,16.93,15.94,12.93,13.84,11.48,11.02,10.98,11.98,17.76,18.38
954,15.22,14.45,15.45,16.69,14.52,11.73,11.32,11.4,12.16,11.66,16.93,18.58
955,15.64,14.44,17.25,14.88,14.36,13.32,11.27,11.14,10.8,12.02,16.46,20.63
956,15.6,14.03,17.53,17.73,14.33,12.32,11.78,12.21,11.51,12.01,16.97,16.93
957,15.13,15.19,17.96,16.08,14.84,11.85,11.51,12.16,11.78,13.4,17.45,17.53
958,15.19,14.46,17.26,16.95,14.91,14.3,11.83,10.62,11.87,12.36,17.0,17.57
959,16.89,13.74,15.93,14.89,13.52,13.28,11.68,11.14,11.27,12.48,17.22,15.56
960,14.85,15.19,17.19,16.34,15.63,13.43,11.85,11.74,12.41,11.61,16.93,17.7
961,15.01,14.58,16.81,16.23,14.68,11.86,12.14,11.28,12.27,12.59,16.36,16.9
962,14.53,14.23,16.95,15.92,15.2,12.48,12.01,11.96,11.56,11.66,17.07,18.21
963,15.96,14.98,16.99,16.48,15.43,13.24,11.41,11.13,10.63,13.11,17.95,18.69
964,14.28,14.65,16.51,16.46,15.31,12.72,11.46,11.32,11.45,13.18,17.42,17.67
965,15.44,15.55,16.66,16.02,14.46,12.84,11.37,11.94,12.53,13.04,17.99,16.83
966,14.38,14.65,16.82,16.27,14.5,11.29,11.79,11.85,11.68,12.28,17.76,17.95
967,16.52,15.26,15.29,16.27,13.76,13.05,12.05,11.98,10.59,11.83,16.59,17.15
968,13.82,14.85,16.46,15.79,14.89,12.63,11.13,12.46,12.28,12.78,17.45,19.21
969,14.61,13.7,17.33,15.24,14.86,11.74,11.93,12.52,11.6,13.31,17.03,16.96
970,15.04,14.75,17.29,16.2,14.6,11.95,11.13,12.29,11.61,11.84,17.57,17.67
971,16.09,15.03,16.05,15.35,14.27,11.94,12.25,11.41,12.04,12.85,17.35,17.61
972,13.92,14.88,17.98,15.7,14.67,12.66,11.59,11.58,11.95,12.25,16.61,18.68
973,15.14,15.11,15.43,15.48,14.56,13.0,11.47,11.32,12.71,12.3,17.02,18.43
974,14.59,13.71,17.96,14.94,14.44,13.17,11.2,10.63,12.26,12.74,17.09,17.3
975,15.44,15.6,16.9,15.07,14.09,12.65,12.22,10.57,10.97,11.7,16.97,18.14
976,15.23,14.81,16.51,14.96,15.18,13.37,11.8,11.7,12.41,12.05,17.28,18.68
977,15.12,14.19,16.87,15.4,13.57,12.56,11.53,11.42,11.42,12.25,16.77,17.78
978,15.05,14.05,17.1,15.68,15.2,12.02,11.52,10.84,12.35,12.75,18.78,18.58
979,15.01,13.28,15.77,15.4,15.29,13.84,12.29,10.88,12.58,12.52,18.27,18.01
980,14.38,14.4,16.32,16.8,15.2,12.0,12.63,11.02,12.35,12.31,17.12,18.22
981,13.54,15.22,17.44,15.64,14.71,12.16,12.0,10.9,12.69,12.32,17.7,17.81
982,14.9,14.76,15.8,16.48,13.48,12.49,10.71,11.24,13.0,11.61,16.33,17.12
983,15.39,13.97,16.74,16.1,15.22,12.81,11.53,11.24,12.35,10.46,17.96,17.77
984,15.64,13.73,16.0,15.92,14.15,13.08,12.51,11.91,11.57,12.11,16.56,19.67
985,14.74,14.3,16.85,17.77,15.0,12.26,11.65,11.63,11.63,12.6,16.64,18.35
986,15.86,15.85,17.71,16.33,13.41,12.78,11.93,10.73,11.96,13.66,16.25,18.41
987,14.04,13.61,16.82,16.69,14.87,13.3,11.0,10.98,11.88,12.4,17.59,17.52
988,15.48,14.54,16.45,15.82,13.98,12.68,10.67,11.55,11.84,12.93,17.52,17.08
989,15.94,15.15,17.39,15.48,15.04,12.16,11.55,11.46,10.61,11.56,17.97,16.72
990,15.11,14.0,17.11,15.28,14.54,13.38,11.46,10.83,11.67,12.54,17.21,18.69
991,15.07,14.35,16.93,16.42,14.29,13.51,11.44,11.87,12.22,12.61,17.01,18.77
992,15.32,14.16,15.96,15.76,14.78,13.21,11.17,10.12,11.73,12.55,18.02,17.87
993,14.75,14.25,16.05,15.85,13.82,11.71,11.9,11.53,12.23,12.31,16.96,17.6
994,16.32,14.0,17.52,15.61,14.84,13.27,11.82,11.67,11.47,13.04,16.89,17.41
995,14.75,13.39,17.02,15.43,14.88,11.89,11.76,11.5,11.0,11.88,17.7,16.97
996,14.8,13.92,16.78,16.14,13.91,11.71,13.39,11.77,10.82,12.78,16.63,17.9
997,15.84,14.52,18.01,15.97,14.39,12.01,10.5,11.72,12.62,12.34,15.55,18.2
998,15.31,14.82,15.9,15.56,15.03,13.12,11.97,11.92,12.11,12.59,17.65,17.39
999,15.31,15.54,17.15,15.3,14.25,12.4,12.41,10.33,12.58,12.88,16.86,18.22
